Index	HEX_600	02_HEX_weighted_average_distance	02_HEX_weighted_mean_home_distance	02_HEX_weighted_max_home_distance	02_HEX_weighted_median_home_distance	02_HEX_weighted_radius_of_gyration	02_HEX_weighted_num_reporting_2015	02_HEX_weighted_HEX_coverage	02_HEX_weighted_subject_coverage	02_HEX_weighted_subject_hhi	02_HEX_total_reporting	02_HEX_total_user	user_type	reporting_level
0	8	2641.820160974	2449.6974652711	6446.1694100761	2216.9508445985	1013.425494969	29	23.2857142857	3.1428571429	0.6870781544	49	28	2	1
1	9	166.6819314381	404.4524680004	514.6821331557	391.9728319735	23.7505939393	1.8235294118	1.068627451	1.1862745098	0.8771786492	10404	7752	2	1
2	10	287.6614099718	257.5782153472	571.1128273883	208.70038488	30.8916415974	2.3950617284	1.1604938272	1.2098765432	0.8952161194	6561	4536	2	1
3	11	98.4081486906	302.5290589772	359.9702597147	322.9320852387	50.8275490947	3.4	1.8	1.8	0.6222222222	25	15	2	1
4	13	501.2230229798	506.7334156946	1115.0133924015	536.6325594906	129.2546285809	6.7777777778	5.1666666667	1.6111111111	0.8247379965	324	252	2	1
5	14	1080.4303889016	3565.9566038207	4824.084077973	3501.2331229307	380.2637719339	8.08	5.52	1.84	0.701173489	625	500	2	1
6	15	172.2561678134	167.347142992	248.2453192656	167.347142992	5.384729988122672e-05	1.5	1.5	1.5	0.75	4	4	2	1
7	22	405.8347642212	321.2256658052	379.5904787261	321.2256658052	0.0044799734	1.25	1.25	1.25	0.875	16	16	2	1
8	23	380.364196591	302.7434342485	563.7223314148	272.9396543779	22.0804107626	2.13	1.11	1.21	0.8579055556	10000	6900	2	1
9	24	376.5936831723	682.9906032458	1025.0654986773	705.9180845029	55.0202704291	4.3265306122	1.9693877551	1.5816326531	0.8128304552	9604	6370	2	1
10	25	264.3894184737	894.4748757837	1075.919036863	850.1247207004	36.7339035476	2.9480519481	1.2532467532	1.4545454545	0.8377468993	23716	15400	2	1
11	26	74.7984829997	665.6963040696	709.9145331056	662.1271916356	35.6023938446	2.3636363636	1.4090909091	1.3181818182	0.8853598485	484	396	2	1
12	29	2068.2361504072	1282.3833590127	4090.6331041949	500.9277519836	796.4669593436	4	2	1.6666666667	0.7504166667	36	30	2	1
13	30	650.6974377159	1209.9258658216	1961.9701488668	1170.5076488355	159.676711826	4.0714285714	3	1.5	0.7011625364	196	168	2	1
14	31	163.6023592283	303.5754295796	416.7120937728	313.3723497063	39.9453633854	2.5429864253	1.2941176471	1.334841629	0.8572698103	48841	33150	2	1
15	32	137.9123003434	505.3492990427	588.8721042693	501.7449199067	14.2118147273	2.1626794258	1.1052631579	1.2440191388	0.8673086124	43681	31559	2	1
16	33	542.8121961299	2259.0343722817	2736.2536373844	2379.2146396798	296.2910968656	3.53125	2.28125	1.25	0.9229999291	1024	672	2	1
17	34	5823.3707432881	4479.5243769951	14325.1707411621	2716.4430618088	2435.6068952402	46.5	35.5	4.5	0.2804991115	4	4	2	1
18	36	153.2936974191	138.8765630488	266.7793181169	125.6520553715	25.3409721597	6.9285714286	1.2954545455	1.5876623377	0.8682339443	94864	56980	2	1
19	37	199.0170909807	260.2915664027	429.2271662641	234.9376367217	24.6054933427	2.513618677	1.1673151751	1.2645914397	0.8751555198	66049	48316	2	1
20	38	296.27518993	314.9697530223	685.3800209638	290.9055284972	121.6088683438	6.6493506494	1.9220779221	1.6623376623	0.8126714379	5929	3850	2	1
21	39	249.3892367784	207.2540436672	380.492534447	166.341231168	20.7117788339	2.0581395349	1.1395348837	1.2558139535	0.8484657623	7396	5332	2	1
22	40	553.7710358842	396.7164371748	757.6287264211	350.1406011858	33.9530267636	2.1111111111	1.2777777778	1.4166666667	0.8097222222	1296	972	2	1
23	42	5.4687654812	37.9228297335	39.2070306677	37.9228297335	1.6286506714369155e-06	1.5625	1	1.1875	0.8697916667	256	208	2	1
24	46	498.9420763362	613.4442241452	1044.3948534097	524.2507803997	109.4152273055	3.7878787879	1.9333333333	1.3818181818	0.8330484762	27225	18315	2	1
25	47	300.4265920829	384.9340238693	656.4966206015	322.7571837642	43.8191762777	3.2598039216	1.3210784314	1.3700980392	0.8429816998	166464	105264	2	1
26	48	359.8362963054	1303.2512347602	1717.6753024644	1256.034930328	158.0266959682	3.085106383	1.7021276596	1.1914893617	0.9238498261	2209	1692	2	1
27	49	638.684715123	564.5693606669	865.8264656188	564.5693606669	0.0001360362	1.5714285714	1.2857142857	1.5714285714	0.7142857143	49	42	2	1
28	50	490.7796089544	413.4169091248	784.1702120943	431.1936397149	89.0084854241	6.8142857143	1.6428571429	1.9	0.7827918527	4900	3080	2	1
29	51	229.9154446025	319.9702166057	568.0142007142	293.1999122471	49.3704191235	11.4801980198	1.6485148515	1.7054455446	0.8526444344	163216	89284	2	1
30	52	270.8107615283	469.2143271472	723.5976154972	425.8457035284	18.0102081901	5.8923076923	1.3846153846	1.3846153846	0.8894499347	4225	3120	2	1
31	58	0	91.6433611167	91.6433611167	91.6433611167	0	1	1	1	1	1	1	2	1
32	61	284.1176466908	674.6417467294	932.6286332224	700.6588378324	84.8697072951	2.862745098	1.3137254902	1.2745098039	0.8317413112	2601	1938	2	1
33	62	900.0632374126	680.5507469605	1769.0904002673	574.8076153542	206.6623215594	7.2820512821	4.1025641026	1.8717948718	0.6745076761	1521	1014	2	1
34	64	576.1182921065	1017.7871472841	1379.5250437785	929.5894774663	0.0051731842	2.1739130435	1.0869565217	1.2608695652	0.8792270531	529	345	2	1
35	65	213.4532598736	412.4836752938	1024.8254847737	366.4148200233	114.073795858	20.1618122977	2.7475728155	2.1974110032	0.7116956113	95481	51912	2	1
36	66	154.681322806	239.2901892974	570.6410537285	196.1645222126	50.6637551043	8.7518796992	1.6390977444	1.7969924812	0.7665366888	17689	10773	2	1
37	72	0	37.2836834327	37.2836834327	37.2836834327	0	1.2222222222	1	1	1	81	72	2	1
38	73	191.7996695734	391.3232750154	661.6079443241	374.4403835945	63.5244643388	4.1111111111	2.9166666667	1.2777777778	0.9196838131	1296	1008	2	1
39	74	210.4447021707	1277.0393970947	1435.4809662586	1309.9434580366	94.8033436905	3.85	1.45	1.4	0.8934375	400	240	2	1
40	75	0	2382.8065206949	2382.8065206949	2382.8065206949	0	1.25	1	1	0.8125	16	16	2	1
41	76	0	1968.112596366	1968.112596366	1968.112596366	0	1	1	1	1	1	1	2	1
42	77	2246.3314163	2767.0127128998	7639.0492880926	2246.3362295434	782.3272905507	27.5714285714	13.2857142857	2.5714285714	0.6149584488	49	21	2	1
43	78	283.9067183825	465.5731106582	750.6215241073	446.0856223027	43.2006583313	4.2972972973	1.6216216216	1.2702702703	0.8626001576	5476	3774	2	1
44	79	617.2396777111	930.0639748092	1442.5687222103	1012.6580335522	119.5109912654	4.1621621622	1.8378378378	1.5878378378	0.7668492974	21904	14060	2	1
45	80	297.9533812637	301.016031148	562.2822899066	263.3778649505	57.0409283132	3.5454545455	1.5214408233	1.4888507719	0.8045702701	339889	228536	2	1
46	81	0	141.2544704823	141.2544704823	141.2544704823	0	1	1	1	1	9	9	2	1
47	82	1853.1124332009	1579.3290921999	3033.8255248695	1439.3332788903	418.8873620363	8.9444444444	6.8333333333	2.0555555556	0.686799039	324	288	2	1
48	83	236.22183748	280.2207822605	548.2517785981	242.4691935041	58.1793891073	11.4195121951	1.8975609756	2.1317073171	0.7356598083	42025	25010	2	1
49	84	158.6511894616	182.8097062615	398.5705626295	137.9004016898	59.5264145491	8.1263157895	1.8421052632	1.7368421053	0.81634042	9025	6175	2	1
50	92	341.7315127349	404.536820652	574.7703282597	404.536820652	0.0121864518	2.3939393939	1.0303030303	1.0606060606	0.8678451178	1089	726	2	1
51	93	87.8458071195	507.8878031484	599.1580289942	530.196920276	25.3118042906	2.1666666667	1.6666666667	1.3888888889	0.8475651578	324	288	2	1
52	94	36.477176122	185.8622103572	207.4510639355	179.5712329701	0.000185557	2.5	1.09375	1.375	0.8527777778	1024	608	2	1
53	95	393.0991283547	845.1108775864	1331.3585536221	808.449362043	154.3366138194	4.5423728814	2.6779661017	1.5762711864	0.8281428012	3481	2773	2	1
54	96	296.0074610717	293.1723395512	520.5415896194	224.8979554431	1.5860949102	1.9411764706	1.1058823529	1.2470588235	0.8513398693	7225	5355	2	1
55	97	306.2128481022	319.5452449254	667.2678167153	319.3199540687	76.5211602707	3.8851674641	1.7416267943	1.4306220096	0.8611484245	43681	27588	2	1
56	98	359.5446908539	338.7166157875	1469.6209908882	247.4538915973	313.9084730939	6.0495049505	2.3762376238	1.7920792079	0.8094651707	10201	6666	2	1
57	101	319.9823121552	286.7313190777	784.0097718073	218.4072908877	100.6279075542	5.2663755459	1.3697234352	1.4818049491	0.8267055453	471969	279609	2	1
58	102	658.5025728777	804.7129975531	1538.9103555	757.0911336447	158.5483336871	7.2718204489	1.8304239401	1.825436409	0.8037093255	160801	91428	2	1
59	103	1230.3044878419	2416.9328102468	3746.4900595478	2305.243838686	302.0883522863	9.3461538462	2.7582417582	1.7967032967	0.7300718867	33124	25844	2	1
60	104	560.0001835997	691.4988901888	1339.4323050868	598.2603320321	154.0091795477	5.0326086957	2.3804347826	1.5	0.8613328124	8464	6072	2	1
61	114	65.8882410952	584.543214784	628.7724882718	589.0421390676	10.4411648399	2.4065934066	1.4065934066	1.1538461538	0.9525474584	8281	6279	2	1
62	115	159.491235538	186.5306074552	310.3587634157	146.478958484	3.9204999775	4.2962962963	1.164021164	1.5291005291	0.8364701256	35721	21735	2	1
63	116	263.3586534743	589.7483293071	838.5719959942	528.5856521968	32.3962200133	3.076433121	1.5732484076	1.3439490446	0.871262862	24649	16485	2	1
64	117	264.5187154373	302.8181526955	483.6194946987	292.5084458239	12.2859220283	2.3365384615	1.3173076923	1.2019230769	0.9186717214	10816	8528	2	1
65	118	172.374672063	298.484459746	498.6815462852	267.1512360056	49.197035601	3.06	1.34	1.3133333333	0.8617524586	22500	14250	2	1
66	119	465.9393203116	496.7107886737	901.3811194243	449.848508629	122.7860925129	6.5867768595	2.5867768595	1.9090909091	0.7577524997	14641	8349	2	1
67	120	404.9310748437	350.2426198734	564.6635262646	351.0971484857	16.0222954318	3.2109375	1.484375	1.234375	0.924314761	16384	11520	2	1
68	121	487.5035248809	1477.3701355054	2012.3184123953	1404.0531144785	259.4932454882	9.6585365854	1.9451219512	1.7012195122	0.801172735	26896	15744	2	1
69	122	511.5552917516	662.471376037	1062.5778001026	649.8406584398	77.5418072856	4.25	2.4583333333	1.4166666667	0.9016730019	576	504	2	1
70	123	0	1591.0506347009	1591.0506347009	1591.0506347009	0	1	1	1	1	4	4	2	1
71	124	4272.2930217015	3876.3224290151	7700.6762932504	4204.3125612273	1119.3714180039	25.75	19.5	3.5	0.4533695954	16	16	2	1
72	128	277.2781307843	211.81985949	561.5799287024	171.7695938288	82.047286941	8.3904761905	2.1047619048	1.9047619048	0.7684791885	11025	7035	2	1
73	129	122.1761865953	243.9001059215	393.7949903135	231.7929324507	34.4567390193	6.5543478261	1.4782608696	1.6050724638	0.8064445802	76176	47748	2	1
74	130	388.262096466	718.771959927	1169.5574525696	716.3274408392	69.2490377971	4.6927083333	1.7239583333	1.4375	0.8517600489	36864	24960	2	1
75	131	337.8908179413	767.4150764478	1004.9285524305	770.9688887165	44.6069279497	3.4893617021	1.5212765957	1.4042553191	0.807391927	8836	6486	2	1
76	132	929.9576367474	1378.8321518348	2430.8720482186	1289.6539395266	231.5964919398	11.2606060606	3.103030303	1.7454545455	0.7631829448	27225	21120	2	1
77	133	924.7966439291	1408.1898882908	2429.0940822973	1279.2541290366	255.5942840914	5.4727272727	1.8727272727	1.6	0.807063898	3025	2695	2	1
78	134	1002.8286353185	1038.531651939	1898.1933035841	955.8751702215	130.362036657	4.7	2.65	1.9	0.6184915359	400	300	2	1
79	135	191.0727228483	243.7640375113	629.483866307	241.145661678	115.7349282015	4.3333333333	1.8333333333	1.8333333333	0.6859259259	36	24	2	1
80	146	22.4814288993	70.9777419224	80.2074805715	70.1608017985	0.3628896454	3.2571428571	1.0571428571	1.3428571429	0.88	1225	595	2	1
81	147	169.0008779163	564.8271928199	816.0902312335	525.5497849068	70.1780801429	3.2285714286	1.5142857143	1.2214285714	0.91663285	19600	15400	2	1
82	148	507.9132172897	851.5646406518	1301.2987718519	811.8286371138	100.3928629559	3.862745098	1.9346405229	1.3921568627	0.8693888262	23409	17289	2	1
83	149	409.9330639919	717.7817521751	1468.7023983532	651.2785046793	194.9053292932	4.0482758621	1.7103448276	1.3793103448	0.8853817824	21025	12615	2	1
84	150	395.5686744934	608.6037843255	1015.8463166779	626.4253718403	82.9582360723	4.0914634146	1.4207317073	1.6036585366	0.8117823962	26896	16892	2	1
85	151	454.0683579313	954.1723743198	1361.5258623586	933.6950013287	137.0723048313	4.6829268293	2.2195121951	1.5609756098	0.8713360155	1681	1353	2	1
86	152	338.6437783136	456.0955071882	912.5749086512	388.751163929	111.4574989792	4.25625	2.1	1.49375	0.8527779749	25600	17920	2	1
87	153	276.5982217314	587.2946578203	879.9032526955	571.0669304014	65.2855499543	3.5794392523	1.8504672897	1.4205607477	0.8756451292	11449	8774	2	1
88	154	2226.4818635667	1429.0072781528	2959.2413045965	1562.8400213537	144.8909406325	2.5	1.6	1.3	0.8625	100	80	2	1
89	156	3224.615092336	5630.3230554296	7498.5553586409	7485.8550647294	5.4215005132	8	4	3	0.59375	25	5	2	1
90	157	213.2380949926	439.5255255906	658.9044943659	405.3353088332	62.3816123673	2.737704918	1.4918032787	1.3770491803	0.869897541	3721	2379	2	1
91	158	371.0242430044	499.1889321619	798.6876053388	480.5704240702	43.82766545	6.2962962963	2.1851851852	1.5185185185	0.8281430847	729	594	2	1
92	159	271.2671520657	489.5933160204	749.7917305665	465.7667282563	39.2618919233	4.6138613861	1.504950495	1.4554455446	0.8760638995	10201	7272	2	1
93	160	284.8397674182	468.6855727408	853.9847390223	436.0429214251	89.9932865757	6.886627907	2.1976744186	1.6191860465	0.8141413183	118336	70520	2	1
94	161	464.5889940267	781.7814961695	1447.7560552585	737.3131456932	172.0865766116	18.9344978166	3.6113537118	2.3886462882	0.7473067562	52441	31602	2	1
95	162	449.4408144988	747.3804897587	1311.5511069755	690.804647297	136.2390490761	7.6208530806	2.682464455	1.6777251185	0.7994197598	44521	32494	2	1
96	163	319.166194756	435.9954439098	743.0171054665	395.3981621835	80.9494198474	6.4950819672	1.6262295082	1.5704918033	0.8004596671	93025	55205	2	1
97	164	708.7012554563	862.2452870499	1684.2362659917	756.3688658454	181.2265796513	12.811023622	2.6771653543	1.8188976378	0.7753187611	16129	10033	2	1
98	165	661.0877863458	1318.4564180916	1954.8011810241	1268.1590804539	185.1499243497	6.8727272727	3.3090909091	1.7636363636	0.7715083073	3025	2145	2	1
99	166	339.4655934348	1511.0080812536	1976.0529428152	1463.1709263517	95.4054243827	5.152173913	3.0434782609	1.3913043478	0.8557875166	2116	1610	2	1
100	167	619.025828085	3350.9284109303	3875.2799079399	3261.1127249583	189.4017155321	2.4	2	1.8	0.723	25	25	2	1
101	168	1405.7340665686	1246.5581325175	2081.6151684127	1619.0823206771	339.3158952968	3	3	3	0.3333333333	1	1	2	1
102	176	0	190.7908032937	190.7908032937	190.7908032937	0	2	1	1	1	4	2	2	1
103	177	624.644723416	523.5920838281	3792.1467739935	253.5542024406	845.0499947335	15.9264705882	2.9411764706	2.3235294118	0.7324706493	4624	1700	2	1
104	178	265.3480204281	283.3174376751	573.4314769945	396.7314109858	44.2914170765	3.2533333333	1.52	1.3866666667	0.8627886884	5625	4050	2	1
105	179	145.2987776804	217.6716081721	605.1521886002	175.2311262786	99.7854796355	3.3841463415	1.4268292683	1.3719512195	0.8748593103	26896	18532	2	1
106	180	143.9015435988	365.6756107462	496.1343540117	398.2571894158	27.9673973932	3.7720930233	1.2930232558	1.3674418605	0.8741732596	46225	27950	2	1
107	181	315.1820181744	591.2574691181	824.0598038163	601.7700284856	66.1272388321	2.4631578947	1.2526315789	1.1894736842	0.8981475116	9025	6555	2	1
108	182	0	91.209764702	91.209764702	91.209764702	0	1.3636363636	1	1	1	121	99	2	1
109	183	1950.1393043746	1656.1164749224	5123.8785833826	1258.1697240991	934.129896447	24	7	3	0.5333333333	4	4	2	1
110	184	1124.3358987586	1344.3284078408	2671.4507956489	1259.6897647102	353.5904925166	4.8461538462	2.4230769231	1.6346153846	0.7906053693	2704	2132	2	1
111	185	376.5963133703	617.8651132182	912.9862810273	618.9012766161	81.8501354769	3.358974359	1.8846153846	1.5128205128	0.8341096866	6084	4524	2	1
112	186	215.1456998543	188.2037153435	404.9188753457	153.1857529594	73.3476537771	2.7735849057	1.4528301887	1.2924528302	0.86382793	11236	8586	2	1
113	187	312.7559549675	399.1010175581	665.4712090277	374.6251470189	55.7693771773	4.2455357143	2.0044642857	1.3348214286	0.856933714	50176	32928	2	1
114	188	176.8825803433	215.8353969686	492.1027170846	182.5507924606	68.1731183984	9.487544484	2.2775800712	1.7953736655	0.7777322323	315844	186022	2	1
115	189	277.2757304434	393.153198393	782.8959825895	312.8195291571	75.1734342461	15.5353535354	2.3535353535	1.6808080808	0.795068967	245025	142560	2	1
116	190	220.0161180097	378.6802154594	651.33846619	349.4143339394	65.2794307791	13.0427350427	2.3290598291	1.4700854701	0.8305524747	54756	32526	2	1
117	191	688.1530555052	1206.1170333404	2244.2150916715	997.991344877	172.7268424093	2.4615384615	1.5384615385	1.3076923077	0.7723076923	169	156	2	1
118	192	451.9230820355	610.5806790884	1019.8807339758	627.1278634622	102.3941854249	4.9514563107	3.1553398058	1.4563106796	0.8181871662	10609	7313	2	1
119	193	1481.6298956436	1540.3300685527	3858.360801873	1409.5019426901	554.5896881765	8.75	7	2	0.5506660998	16	12	2	1
120	194	1253.5429073924	916.2048579772	2669.2787762236	442.1612436587	360.7089243391	6.8571428571	3.7142857143	1.2857142857	0.937277404	49	42	2	1
121	195	578.3352653521	1579.5200041222	3049.2092076121	1417.5317648558	243.3896505195	9.2222222222	4.7777777778	1.4444444444	0.9024315174	81	72	2	1
122	202	0	18.5066246432	18.5066246432	18.5066246432	0	1.1666666667	1	1	0.875	36	36	2	1
123	203	139.3047143197	563.3533507541	851.0905734234	537.7020855766	74.77751765	3.7166666667	1.6166666667	1.55	0.8519621317	3600	2700	2	1
124	204	657.20522899	1230.4191727569	2125.1458995786	1081.006442991	223.7317268444	7.2553191489	2.670212766	1.9521276596	0.778300989	35344	21056	2	1
125	205	80.2117071562	625.5265096945	696.8489217373	591.1229350493	1.6294084989	1.6666666667	1.1666666667	1	1	576	480	2	1
126	206	3086.3377578092	2046.9721241258	4275.9597992186	2265.314039459	361.5885015775	6	4.5	2.5	0.52	4	4	2	1
127	207	1631.5979761413	1209.3822108314	3410.6037123997	898.9453370509	377.2902035685	9.8723404255	4.0212765957	2.0425531915	0.6622941948	2209	1645	2	1
128	208	1083.4873507839	1022.5223960842	2108.2280973261	875.9249428793	184.0607529563	9	3.1428571429	1.8285714286	0.7181618481	1225	910	2	1
129	209	559.1422988217	1059.4824932702	1602.2334522244	989.53514923	138.8174645088	4.8076923077	2.4807692308	1.5576923077	0.8482727664	2704	2080	2	1
130	210	1084.6970504796	1194.1653360396	1979.2481369076	1172.4328836758	165.2566759022	4.3731343284	2.1641791045	1.5373134328	0.8139887298	4489	3350	2	1
131	211	213.6827929266	346.6085712831	552.8552332972	314.8099920235	62.8153816747	3.5871212121	1.6553030303	1.5795454545	0.8106437952	69696	45408	2	1
132	212	282.0737849028	367.9557461285	735.3051098752	336.9328779803	88.7635630632	14.9380733945	2.4587155963	1.6811926606	0.7749174708	190096	114232	2	1
133	213	157.2322414071	549.4578655466	743.5267842935	536.6494368397	63.6177733296	10.5	2.023255814	1.3255813953	0.8764281435	7396	5590	2	1
134	214	1007.8501910152	934.3472651767	2438.9653196583	847.8650421399	423.917981303	5.3333333333	4.6666666667	1.8333333333	0.8764965343	36	24	2	1
135	215	609.1298988939	1283.7759591519	1736.6949344017	1322.8147816513	161.3258842985	3.58	1.94	1.58	0.794068473	2500	1650	2	1
136	216	277.2195528241	309.464591145	559.7184714292	284.6352788141	74.7148919556	2.9897959184	1.306122449	1.4591836735	0.8271843805	86436	59388	2	1
137	217	155.1452907081	380.937045422	613.0758833942	341.316046949	55.2015402094	3.8	1.3428571429	1.3918367347	0.858220153	60025	40670	2	1
138	218	388.9519147471	431.3682774918	1023.2188405843	337.5990969947	127.1277657415	5.3978494624	2.4677419355	1.5215053763	0.8019267041	34596	25110	2	1
139	219	191.0568385775	179.7726191494	396.4803392404	135.6810807134	28.5972498528	2.641509434	1.3396226415	1.3459119497	0.8234929291	25281	17967	2	1
140	220	213.4529098651	264.8854723802	403.7601266553	265.1064224159	35.4967135333	1.932038835	1.1067961165	1.2233009709	0.8408090615	10609	8034	2	1
141	222	0	1661.060670867	1661.060670867	1661.060670867	0	1	1	1	1	1	1	2	1
142	224	0	5231.3919278513	5231.3919278513	5231.3919278513	0	1	1	1	1	1	1	2	1
143	225	5.9643032308	124.6477542532	125.5230173695	125.5230173695	1.4791634583843919e-08	2.6666666667	1	1.3333333333	0.875	144	72	2	1
144	228	478.9550620001	628.8483397864	1787.0430562996	512.2456891635	249.6807938403	8.2146892655	2.5480225989	1.5084745763	0.8033269741	31329	20001	2	1
145	229	387.8521524696	431.4658872646	1228.1052929216	350.608043783	164.5591751498	6.2282608696	2.3586956522	1.3804347826	0.8818882199	33856	23368	2	1
146	230	376.4960971602	490.307789549	866.3296987007	461.0502482412	86.8646314896	4.1169590643	1.5789473684	1.4444444444	0.8048636882	29241	17442	2	1
147	231	386.3349859156	667.0606992486	966.4370229247	691.2061860611	65.9817220514	2.6	1.6	1.2923076923	0.9071604938	4225	3055	2	1
148	232	329.9126080858	353.2560657818	780.3600147845	292.028148758	66.24037921	6.3557692308	2.1442307692	1.4326923077	0.8762691233	10816	6344	2	1
149	233	1132.1389383683	1148.3605439858	2243.4524873569	931.089804439	278.5953202353	9.0816326531	2.306122449	1.8163265306	0.6953137829	2401	1715	2	1
150	234	826.1280046246	1441.7963774011	2272.7453621255	1444.3632566063	228.3536583176	9.9661016949	5.2881355932	1.6271186441	0.8250985537	3481	2832	2	1
151	235	1209.6608752926	1953.2558769233	2757.2143667202	2082.2082382576	612.4805729438	26.3333333333	4.1666666667	1.8333333333	0.7382973251	36	18	2	1
152	236	0	397.2031385799	397.2031385799	397.2031385799	0	1.5	1	1	1	16	12	2	1
153	237	145.7329426235	254.8519075573	341.0916116407	250.1236197691	3.3012702075	2.2608695652	1.077294686	1.309178744	0.8505081844	42849	30222	2	1
154	238	255.1871331126	235.8167286889	469.3775787357	201.2829264846	43.9825066514	4.9141791045	1.276119403	1.3768656716	0.8478178526	71824	44220	2	1
155	239	146.7513194253	142.1939343279	324.7570086595	125.2986921401	38.2823079666	18.7037914692	1.8388625592	1.9028436019	0.8310192561	178084	103812	2	1
156	240	85.4742053883	150.9362168822	230.8890380249	133.9117364687	8.4038629458	2.5988023952	1.1407185629	1.254491018	0.8577271716	111556	82498	2	1
157	241	116.7727931008	111.4767259434	277.0038658473	90.7805714183	39.4585353353	2.7256637168	1.1017699115	1.3716814159	0.8268160907	51076	32318	2	1
158	242	0	48.9708186551	48.9708186551	48.9708186551	0	1	1	1	1	4	4	2	1
159	248	733.7519502765	602.5312916623	1899.4097968059	355.0360765998	128.8108591075	5.3793103448	2.0344827586	1.5517241379	0.7197234195	841	551	2	1
160	249	138.5597907206	283.0307172025	415.2067935055	258.6187798705	27.1885116055	2.9942857143	1.4914285714	1.2514285714	0.8584349558	30625	19600	2	1
161	250	304.0137869814	510.9207175949	861.9064191621	492.5253223386	76.0627597935	3.8583333333	2.4166666667	1.3083333333	0.8635918272	14400	11280	2	1
162	251	248.1970723474	276.9605186404	560.4141687831	227.1596504231	64.4749576097	3.8125	1.3235294118	1.4522058824	0.8225455983	73984	42160	2	1
163	252	289.8230186369	554.8096587851	996.2124174764	522.6071631337	110.2843326916	3.5485436893	1.4563106796	1.645631068	0.7758445085	42436	26368	2	1
164	253	319.0228231196	501.7644718733	753.0952104568	535.4422047671	57.1182064016	2.585492228	1.3419689119	1.2538860104	0.8774111256	37249	25090	2	1
165	254	273.0513636864	394.7735503143	663.4828716133	348.7911475232	53.8101982523	3.1042944785	1.3680981595	1.4969325153	0.8228212314	26569	17278	2	1
166	255	323.6103531768	401.1195915965	653.5736389575	494.0642115833	46.5382251077	4.6641221374	1.3282442748	1.8244274809	0.7114651938	17161	8384	2	1
167	256	45.6323804301	1006.1252933306	1048.5200675228	985.9363034186	19.174313705	2.5333333333	1.2	1.4	0.86875	225	180	2	1
168	257	168.3757792671	249.8288555994	355.0975929619	246.7805955348	31.2371212181	2.223880597	1.1492537313	1.3358208955	0.8408996683	17956	12730	2	1
169	258	121.5732026632	449.8551438366	554.4754370381	431.1872469678	29.489567923	4.2926829268	1.0853658537	1.3780487805	0.808379307	6724	3936	2	1
170	260	784.6643131146	1056.4344043485	1375.0392094158	1214.9300452574	150.5268606873	1.8	1.4	1	1	25	20	2	1
171	270	0	463.7130727949	463.7130727949	463.7130727949	0	2	1	1	1	4	2	2	1
172	271	183.9668518405	333.3581150518	459.4173191889	325.0272314378	9.6765376714	2.2621359223	1.1359223301	1.1650485437	0.9018770227	10609	7107	2	1
173	272	382.8105466899	374.2193744788	893.3884228656	288.9385429174	92.1087021626	4.4215384615	1.7138461538	1.4707692308	0.8567781235	105625	67925	2	1
174	273	348.5822053859	407.3001174071	954.5934871026	414.1003546594	79.6493940357	4.868852459	1.2786885246	1.618852459	0.8214870502	59536	38796	2	1
175	274	397.2106624977	711.454876384	1209.0271061746	579.5485816433	110.7466190031	3.5964912281	1.9649122807	1.6315789474	0.7853680131	3249	2394	2	1
176	275	241.9142115662	264.6805489903	473.8713388205	226.2732974531	42.1576197659	2.3412322275	1.2132701422	1.2464454976	0.8745281097	44521	29962	2	1
177	276	390.9233365694	409.4752866384	978.1818698029	317.1472073029	99.4980460172	3.0672268908	1.3865546218	1.525210084	0.8392710339	56644	37842	2	1
178	277	186.9678367478	307.875864417	540.7620574952	261.9811905382	50.3125338026	3.025862069	1.2787356322	1.4109195402	0.8327555622	121104	81780	2	1
179	278	192.1901823206	223.8781541656	373.8708633594	207.3075189075	36.6556547759	2.7623318386	1.3408071749	1.1255605381	0.9358795046	49729	33896	2	1
180	279	202.2698169351	457.0276323315	618.1657668643	431.3260584981	25.7715701259	3.4666666667	1.2	1.5066666667	0.7987725632	22500	13500	2	1
181	280	263.5409329883	335.7643604694	536.6718041011	299.9364946354	30.7451808948	2.6793248945	1.2278481013	1.2827004219	0.8774755372	56169	38868	2	1
182	281	313.8823644497	628.6889179033	847.8782096789	621.7738581703	28.1405428095	2.4411764706	1.4019607843	1.2647058824	0.8796458565	41616	31416	2	1
183	282	2101.6554468621	1549.7721916655	2915.4197572722	1178.3912858695	175.9763506666	2	1.75	1.5	0.7638888889	16	16	2	1
184	283	0	6.7904303553	6.7904303553	6.7904303553	0	4	1	2	0.125	4	2	2	1
185	293	0	98.257476019	98.257476019	98.257476019	0	1	1	1	1	9	9	2	1
186	294	200.3275645019	280.7815727458	384.4071882155	331.2172086127	6.9942584611	2.875	1.375	1.625	0.6564670139	64	48	2	1
187	295	172.2073649831	158.0447528002	212.6524058553	158.6152106992	0.0006644372	2.1428571429	1.1428571429	1.4285714286	0.8214285714	196	140	2	1
188	296	166.3492803075	244.2170250801	373.3734217447	232.7176527148	28.9946282064	3.54	1.164	1.488	0.8308651354	62500	38000	2	1
189	297	360.3788726819	474.73026532	813.8211140825	443.0166710091	56.5208821855	4.7205882353	1.7401960784	1.4656862745	0.8340109342	41616	26316	2	1
190	298	189.2970275372	362.8310778437	613.198853182	340.6144797592	31.6735344133	3.3759124088	1.2773722628	1.4635036496	0.7986791489	75076	49320	2	1
191	299	249.0110218321	249.7879539515	441.9418287827	202.1464569471	32.4204933009	2.397260274	1.2831050228	1.2557077626	0.917407773	47961	36135	2	1
192	300	222.0432892255	294.2122811689	530.1785150961	272.1837221412	57.0820501907	2.9051383399	1.4268774704	1.3833992095	0.8395030608	64009	44528	2	1
193	301	232.7759821779	426.3668479504	675.5341101018	414.8497647197	53.2806481946	2.9451476793	1.3839662447	1.2742616034	0.877888334	56169	38868	2	1
194	302	207.6425246856	258.7936352932	497.5201549581	227.9390132524	57.5998196403	2.6108949416	1.4552529183	1.1906614786	0.929841757	66049	46260	2	1
195	303	307.6269197276	458.1743503141	915.3560860626	385.9827806403	104.2751713703	4.0964912281	1.3289473684	1.399122807	0.8176121372	51984	34656	2	1
196	304	172.2498872904	450.2178735673	576.7220325382	433.487958693	20.2839605138	4.5670103093	1.264604811	1.381443299	0.8664162825	84681	55290	2	1
197	305	164.8111402801	296.0004025127	472.2630394761	249.0015746085	45.1599968211	2.2943143813	1.1170568562	1.237458194	0.8754918888	89401	63986	2	1
198	306	196.6588824145	226.4619773229	327.765964077	310.0574209937	43.8741847854	1.765625	1.140625	1.140625	0.900390625	4096	3200	2	1
199	307	975.9510135331	2556.3551932492	3447.615809973	2217.8019720515	256.5301356711	3.1666666667	2.1666666667	2.5	0.6574074074	36	24	2	1
200	308	0	236.5847131548	236.5847131548	236.5847131548	0	3.2857142857	1	1.2857142857	0.9047619048	441	273	2	1
201	317	183.7397515827	122.1744436282	204.4971853306	125.3872043893	5.6300200485	3	1.2	1.1	0.8971071663	100	80	2	1
202	318	119.2912429622	121.4693774007	233.1598267549	89.1374687442	22.7071517004	3.0603448276	1.1637931034	1.1465517241	0.9309154594	13456	8584	2	1
203	319	577.0654267755	1082.2532831423	1760.5508249404	1027.4953823538	159.7880483509	4.8776978417	2.1007194245	1.4532374101	0.8342470418	19321	12371	2	1
204	320	394.6303187142	438.4775085544	873.9699777944	369.3068438019	62.0899261933	3.4974619289	1.7055837563	1.3654822335	0.8679682312	38809	28171	2	1
205	321	319.4725118217	383.2096148775	731.3689530961	314.1469090821	70.4125007311	7.5862068966	1.8620689655	1.6091954023	0.8401008911	30276	17052	2	1
206	322	182.6256161876	310.9039768629	553.7638628029	251.0023690614	48.5174814255	3.8714285714	1.4952380952	1.3571428571	0.8633894207	44100	29190	2	1
207	323	251.2555912282	479.3276208998	715.8798550872	434.9814595196	76.6774117619	5.3333333333	1.5789473684	1.7280701754	0.7881474236	12996	8322	2	1
208	324	207.821343944	296.0273690979	508.2317370254	249.0462714716	52.2479562504	2.7604790419	1.2215568862	1.3233532934	0.8748273521	27889	17368	2	1
209	325	170.508607622	261.4955927104	507.8044209468	217.7962111118	39.14327529	2.9347826087	1.3333333333	1.2608695652	0.891628571	76176	51060	2	1
210	326	262.9164915887	351.4275453752	864.0236912026	269.6102771092	122.3327411786	3.9028571429	1.6971428571	1.3828571429	0.8522854653	122500	78400	2	1
211	327	119.722968256	137.2607351534	231.5555514952	123.716403493	18.6649542848	2.8287037037	1.1851851852	1.2314814815	0.8832775449	46656	29160	2	1
212	328	164.420619475	347.5542376523	457.790851856	335.346513821	20.3734726676	2.6151315789	1.1513157895	1.2072368421	0.9022290891	92416	62016	2	1
213	329	194.7730300981	293.0407716467	709.7939630661	274.171326	89.7814116712	6.0912547529	1.4562737643	1.4410646388	0.84306867	69169	39713	2	1
214	330	182.4624000031	212.7377930321	434.3516223145	194.1762536981	27.6383971858	2.4383561644	1.2671232877	1.2808219178	0.870398643	21316	14454	2	1
215	331	107.8669152873	200.9475594178	278.0992681297	192.1216985382	29.9078839918	3.4680851064	1.1134751773	1.524822695	0.8374668039	19881	11421	2	1
216	344	120.2567804235	269.4767013193	344.5218008494	261.9337945539	2.6142668799	2.8055555556	1.1944444444	1.1111111111	0.9218364198	1296	900	2	1
217	345	30.0387664022	91.2505826944	110.4233839661	95.5465153875	1.1760281638	3.075	1.0875	1.475	0.8199695295	6400	3840	2	1
218	346	193.0247561728	352.4988996558	458.8211520995	359.1570313484	8.0234972639	2.5934065934	1.1428571429	1.1868131868	0.8846344628	8281	5642	2	1
219	347	440.2215447067	595.9403656842	921.4994462074	570.3029550213	72.9756887627	2.6363636364	1.6193181818	1.3181818182	0.867884184	30976	23232	2	1
220	348	178.1180764199	369.0984882905	614.1692388084	311.6637808436	54.9743772378	3.5877192982	1.3421052632	1.4824561404	0.8375362141	12996	7980	2	1
221	349	87.7455102776	424.873952094	461.7695366277	446.8912791685	3.2672818379	2.037037037	1.2222222222	1.3333333333	0.7929526749	729	567	2	1
222	351	189.67218216	232.0020408348	341.1569962945	234.5041874257	14.7279998112	2.9672131148	1.1147540984	1.2459016393	0.8677681643	3721	2501	2	1
223	352	167.5396971138	305.5780994376	456.9321292456	277.7261353946	29.7974969172	3.2675324675	1.2935064935	1.3454545455	0.8280275675	148225	92785	2	1
224	353	198.4743730258	247.9339104534	625.2287088137	236.9601791577	76.840872508	3.4552529183	1.280155642	1.560311284	0.8039539062	66049	39835	2	1
225	354	187.072282003	267.5950307693	421.9449789883	225.0803797239	19.902762554	2.6169014085	1.0957746479	1.1943661972	0.9153295062	126025	80230	2	1
226	355	264.7505078934	337.5677091347	582.5694043074	327.3913731195	41.9920368177	2.7047619048	1.480952381	1.2619047619	0.8885769409	44100	31290	2	1
227	356	354.4787866928	464.2749760035	1070.5542459791	356.0713262039	110.1345664671	5.7441860465	2.0387596899	1.3875968992	0.8706176126	16641	10836	2	1
228	359	282.5547526866	254.7415720236	363.0192550308	267.0870438484	113.2861857125	1.75	1.5	1.25	0.875	16	16	2	1
229	360	611.2627725839	751.2727285087	1169.3271309483	825.4764557276	177.1287911267	4.2222222222	2.3333333333	1.2222222222	0.6252834467	81	63	2	1
230	361	580.0130767155	355.6774980407	616.0435807998	355.6774980407	0.0035565009	1.8	1.4	1	1	25	20	2	1
231	362	0	83.1760057616	83.1760057616	83.1760057616	0	1	1	1	1	16	16	2	1
232	363	67.3376940644	78.859900988	111.2942501694	78.859900988	0.0006106161	1.6818181818	1.0454545455	1.0454545455	0.9772727273	484	352	2	1
233	364	0	80.312501886	80.312501886	80.312501886	0	1	1	1	1	9	9	2	1
234	365	135.1276572546	660.6564678137	723.4858171472	658.3126555211	3.7635788239	1.4	1.24	1.2	0.905	625	575	2	1
235	367	594.4716001465	692.9183737356	1699.2384495626	585.4261574315	208.0374803828	18.5140186916	2.8971962617	2.4112149533	0.6324641448	11449	5992	2	1
236	368	349.0032712736	731.076578165	996.3521004035	715.8787712478	36.7979078163	2.7215189873	1.9620253165	1.2025316456	0.8969445224	6241	5056	2	1
237	369	988.3561287809	1416.7935321701	2766.5565834393	1198.6598540842	316.5963776695	5.4074074074	3	2	0.7627982871	729	540	2	1
238	371	87.7250748831	78.7591777683	194.2289704833	31.973859638	18.1596072056	5.2	2	2	0.7530864198	100	50	2	1
239	372	219.0841173782	232.0568237076	468.2180080405	197.4312444227	67.1876710838	2.8859060403	1.4765100671	1.3724832215	0.8625787363	88804	61388	2	1
240	373	115.6182180743	237.4577597147	324.6912069495	226.6209857898	11.4032727903	3.1827586207	1.1620689655	1.2206896552	0.8973865956	84100	51910	2	1
241	374	196.541732251	464.0259314935	634.9852540946	440.1862717648	30.5174326469	2.1834532374	1.1582733813	1.2517985612	0.8822693682	77284	55322	2	1
242	375	187.7348901559	256.2095671491	428.9150072344	243.53296392	30.170608377	2.3102310231	1.1881188119	1.2277227723	0.8900852756	91809	65145	2	1
243	376	317.92417007	412.0838775647	1544.1414617526	337.1188958343	232.4985196734	13.0795454545	2.3238636364	2.1590909091	0.7370546967	30976	17600	2	1
244	377	494.4567728916	590.2220956646	1421.4582544888	472.9201284194	153.8670205774	8.2637362637	2.0879120879	1.6483516484	0.7712232324	8281	5733	2	1
245	378	0	962.1902682662	962.1902682662	962.1902682662	0	1.6	1	1	0.95	225	180	2	1
246	382	1387.9211004267	791.2906150653	3352.4963037148	92.2265416288	392.9549341754	3.4285714286	1.3928571429	1.1071428571	0.962962963	784	448	2	1
247	383	173.5729533545	211.0536032723	372.9016207878	218.0440247803	39.9663942618	2.2	1.1	1.35	0.782349537	3600	2520	2	1
248	384	134.0131661522	312.7964742693	395.3737190144	304.2891102546	34.0269153806	1.987804878	1.0975609756	1.2804878049	0.864803523	6724	5002	2	1
249	385	118.2370961652	603.8007450597	737.6738587773	572.3833405479	41.5817102168	2.5585585586	1.3153153153	1.1441441441	0.9354303283	12321	8547	2	1
250	386	18.4724019497	100.1991517095	107.3381096979	100.1991517095	2.9526941644543195e-05	1.8367346939	1.0204081633	1.1428571429	0.9319727891	2401	1813	2	1
251	387	138.1712300297	456.8747356894	712.9247212347	407.871628149	67.9246015976	2.3428571429	1.2	1.3	0.8758814383	4900	3360	2	1
252	388	349.9474346576	426.4265617086	760.3074733586	532.6851957029	54.7170983082	2.7692307692	1.6153846154	1.3269230769	0.9020837347	2704	1924	2	1
253	389	600.5858761285	318.1014584564	618.394246593	318.1014584564	0.0069636502	1.3333333333	1.1111111111	1.1111111111	0.9444444444	81	72	2	1
254	390	250.4427864847	248.0927738943	436.7212020091	283.5395282997	22.4908916635	2.32	1.24	1.33	0.8518680556	10000	7100	2	1
255	391	215.5715680665	320.5918086454	742.2502872878	246.8253523164	109.404129487	8.3506493506	1.6623376623	1.8051948052	0.7446320934	23716	13860	2	1
256	394	668.0986305756	2654.740108479	3232.5545432741	2866.3335011199	171.2564839987	6.3076923077	2.5384615385	1.9230769231	0.6146868889	169	143	2	1
257	395	83.6160142796	261.4541226528	399.2948813326	243.0191781112	26.9846289229	2.3612903226	1.2838709677	1.2967741935	0.8758600541	24025	17825	2	1
258	396	147.6779030779	148.416861348	301.4717929077	128.7016997683	21.9633722075	2.9633027523	1.1376146789	1.2660550459	0.85944488	47524	28994	2	1
259	397	227.0373682557	209.5885337624	452.8052189433	173.5759380325	38.7213039318	3.1003460208	1.2595155709	1.3079584775	0.8509057773	83521	58089	2	1
260	398	306.9418248126	405.998058718	922.2305559841	352.0923359885	102.2539798576	3.0084388186	1.4345991561	1.3839662447	0.8517495467	56169	39579	2	1
261	399	80.5822390007	267.560010531	353.5934345426	256.2809761808	28.7547215971	3.3065326633	1.1909547739	1.3819095477	0.8158981557	39601	24079	2	1
262	400	233.2142411921	293.1833339345	478.3478670926	247.6324589915	21.7178105307	2.1842105263	1.1271929825	1.2192982456	0.8955389369	51984	37392	2	1
263	401	175.7785712269	287.6431384757	390.8773626846	265.8156722286	6.4350743805	1.8102189781	1.0656934307	1.1605839416	0.9014091646	18769	14248	2	1
264	402	549.7229071971	427.6399482266	616.5603292088	399.5211208776	63.3898353515	5	2	2.6666666667	0.4444444444	9	6	2	1
265	406	216.4959015784	1537.7472646439	1632.4488842151	1532.9006395216	2.4569295026	1.5384615385	1.0769230769	1.1153846154	0.9366987179	6084	5070	2	1
266	407	36.4865129897	183.3483351263	202.644628339	182.4641122867	8.9550199973	1.6991869919	1.0731707317	1.1463414634	0.9097786811	15129	11193	2	1
267	408	316.1170298642	406.1574297136	574.3844279916	427.182381611	23.2591755568	1.8256880734	1.1926605505	1.1376146789	0.9399444028	11881	9265	2	1
268	409	182.8013642749	270.6138057167	453.3290313562	228.6459494643	20.5609357914	2.4596774194	1.5887096774	1.1209677419	0.9206788131	15376	11780	2	1
269	410	257.2196243473	258.9146242457	459.6187809595	230.2573448786	16.1647250368	2.07	1.14	1.22	0.8854190326	10000	7800	2	1
270	411	324.1230771802	248.0052046937	739.4497405746	107.8420221637	97.5104481217	3.4671052632	1.3223684211	1.4934210526	0.8388436197	23104	14440	2	1
271	412	265.2647446206	343.549371626	647.4941611863	375.2159747361	63.4754187846	2.6641791045	1.2537313433	1.276119403	0.9072810077	17956	13400	2	1
272	413	432.448671936	516.7651183353	879.4437843422	534.3256444591	68.9455254558	3.9551282051	1.4935897436	1.5512820513	0.8362384797	24336	17160	2	1
273	414	124.1721339882	327.680225867	470.5025521538	296.4967972192	8.9994363858	2.4207650273	1.1202185792	1.1639344262	0.9356772196	33489	24339	2	1
274	415	64.3495070118	188.6030091085	222.584691951	190.583650606	1.7971245408	1.9931034483	1.0827586207	1.1862068966	0.8479943311	21025	15950	2	1
275	416	980.1138724969	946.7125018067	2205.6567300966	1150.9227618547	249.9688845725	18.3333333333	4.6666666667	3.4444444444	0.555263504	81	45	2	1
276	417	669.8846277034	954.2075842368	1576.9650250186	927.2113093934	87.3252054086	11.125	3	2.5	0.5894785781	64	48	2	1
277	419	322.8689607245	434.3788567422	786.663672048	386.0604279244	75.107034298	2.8011049724	1.7016574586	1.3149171271	0.8894742867	32761	24797	2	1
278	420	128.6325533886	154.85067977	235.2746348243	147.1354274404	8.8725524882	2.0409356725	1.0350877193	1.1637426901	0.9125893437	29241	21033	2	1
279	421	420.1104321232	309.7354180023	2076.9320307119	182.6273225684	315.0855665581	9.972826087	3.0597826087	2	0.7424718204	33856	18032	2	1
280	422	396.0481092954	369.1525375527	1000.9138417203	258.3284104248	145.8040823594	3.8203125	1.58203125	1.41796875	0.8224373991	65536	44032	2	1
281	423	179.9249927279	241.3276847127	430.7916350577	228.8567893585	36.8346915796	4.9660377358	1.2754716981	1.4	0.8584020097	70225	44520	2	1
282	424	186.7944828862	182.4743202342	371.7919793739	156.3682883531	33.4222842887	2.4890282132	1.2037617555	1.1504702194	0.9299994693	101761	70818	2	1
283	425	216.345932643	260.5082556213	482.3274841799	233.0787331055	49.0232812599	2.0710900474	1.2274881517	1.1327014218	0.9322531106	44521	33338	2	1
284	426	215.8586280348	359.2043139738	578.3267596867	362.6365935964	57.7161621382	2.1707317073	1.2601626016	1.1463414634	0.922479067	15129	11808	2	1
285	427	346.4567761949	392.9871722505	583.2742726577	405.4045478984	18.9158629876	3.3557692308	1.2211538462	1.2884615385	0.8704722556	10816	6656	2	1
286	432	0.0999918096	393.7990808805	393.848379806	393.848379806	8.121609854005904e-09	2.3738317757	1	1.1682242991	0.9345794393	11449	7490	2	1
287	433	38.6983372919	247.0706434441	269.6088221266	240.5443065955	1.6675906224	1.6423357664	1.0437956204	1.1240875912	0.9436334144	18769	14385	2	1
288	434	268.8064352849	473.5928898901	754.2941004772	406.4259886128	56.273481893	3.272	1.8	1.168	0.8906489382	15625	10375	2	1
289	435	156.8106509893	457.5910540035	589.973632993	442.806968749	20.525614355	2.1909090909	1.2818181818	1.1909090909	0.8997362514	12100	8580	2	1
290	436	248.2383261453	215.1479347018	461.5837950406	147.5600512621	20.3380981166	4.6341463415	1.2317073171	1.3902439024	0.8849230526	26896	16728	2	1
291	437	213.9605820517	261.7110203994	493.8352292854	227.4613196225	38.9641090068	3.1655629139	1.298013245	1.3112582781	0.8573828645	22801	15704	2	1
292	438	279.8646719308	464.749413817	746.8894085406	440.9649290082	49.5792635577	2.6992481203	1.6541353383	1.2255639098	0.9280958065	17689	13300	2	1
293	439	284.3693473899	406.2890936767	719.7690955331	346.9634376684	86.3493375258	2.1946902655	1.5398230088	1.185840708	0.9139638615	12769	9944	2	1
294	440	264.4976873597	217.5294657813	434.5484130769	193.033090543	3.410506619	2.2418300654	1.0980392157	1.3660130719	0.8509137451	23409	15912	2	1
295	441	594.8706199568	719.5872327255	1264.0817688784	755.9581006893	79.3981222023	9.1194029851	2.671641791	1.9552238806	0.8229012409	4489	2948	2	1
296	442	214.7319012656	161.0412693048	492.6212613425	129.9061551968	74.2866602694	9.8823529412	2.6470588235	2.1176470588	0.6835094885	289	136	2	1
297	443	349.5597785357	230.0836940185	395.2608159043	230.0836940185	0.0002741328	1.85	1.15	1.05	0.9	400	300	2	1
298	444	249.6659714358	294.7114882569	589.0207619029	243.7729710744	59.1465297351	3.071969697	1.5681818182	1.375	0.8527842001	69696	47256	2	1
299	445	135.4037410567	173.8403615136	289.9063263809	151.7359143902	12.7357922503	2.2134831461	1.1460674157	1.1348314607	0.9348055199	71289	49395	2	1
300	446	133.6183687679	136.5528158579	364.0161288696	92.423900824	11.0939717416	2.1623931624	1.1367521368	1.1709401709	0.9091814393	54756	38610	2	1
301	447	265.7206779862	298.5523856085	580.2772170268	249.0302490925	63.0277192115	2.2298850575	1.3390804598	1.2931034483	0.896651354	30276	22446	2	1
302	448	212.4521305104	488.3895829241	678.2772527919	471.1718189932	30.0048357837	2.3882352941	1.1882352941	1.3019607843	0.8801492152	65025	44625	2	1
303	449	448.1034982115	463.1970194635	833.4503554903	496.6972776317	78.3541596056	2.4806629834	1.2651933702	1.2762430939	0.8939159891	32761	23349	2	1
304	450	267.2756262367	290.9448361274	545.9595865579	246.8342953341	54.564027654	3.1030534351	1.4732824427	1.2557251908	0.8931195689	68644	44802	2	1
305	451	77.6257365414	158.3508232567	218.2768909036	156.2255861807	1.2211307799	2.009478673	1.0710900474	1.1279620853	0.9205726698	44521	31017	2	1
306	452	238.6187849562	298.3500336059	634.7332632993	288.2150045225	120.7401713299	2.1764705882	1.3235294118	1.2058823529	0.920219913	1156	952	2	1
307	453	0	3432.9417577854	3432.9417577854	3432.9417577854	0	1	1	1	1	4	4	2	1
308	455	1124.0113921435	3996.6987497595	4511.6114488257	4309.2622801966	233.9685614609	2.125	1.625	1.375	0.8125	64	48	2	1
309	456	0	361.6914881653	361.6914881653	361.6914881653	0	1	1	1	1	36	36	2	1
310	457	361.5454821243	764.4691982125	1056.5020993727	826.7336595058	121.8591594417	3.0294117647	2.1470588235	1.1911764706	0.9118301559	4624	3740	2	1
311	458	625.2568232185	843.7424261103	1363.9596562771	759.5177030044	89.7176285048	2.0120481928	1.2771084337	1.2891566265	0.8452978581	6889	5561	2	1
312	459	132.4345090719	164.6677202011	229.1725936739	164.7863225237	0.5326942051	1.988372093	1.023255814	1.3023255814	0.8354651163	7396	5246	2	1
313	460	172.1251165784	163.0487738702	296.4716872664	147.0333148468	37.8584927561	2.125	1.2946428571	1.125	0.9461918034	12544	9072	2	1
314	461	454.5550766329	510.4553532006	918.8754876127	469.9462420248	62.654640172	3.2704918033	1.8852459016	1.368852459	0.8566971064	14884	10980	2	1
315	462	280.2862861786	531.5455997521	992.8615211685	488.0509994641	129.9634651228	3.8787878788	2.3257575758	1.3939393939	0.8567977467	17424	12672	2	1
316	463	66.9481425244	65.255713242	121.6312669234	57.2956590639	10.6013069012	1.6595744681	1.0531914894	1.1170212766	0.9504964539	8836	6768	2	1
317	464	235.7213600119	318.6245766685	690.3606506384	264.2052335205	87.2804850064	2.6086956522	1.2695652174	1.2260869565	0.9229123533	13225	8970	2	1
318	465	397.0624686875	543.1564991299	974.4824498593	495.6250000133	99.1449298542	6.1282051282	2.4700854701	1.5726495726	0.8482312867	13689	9360	2	1
319	466	184.6300097036	297.9427747801	776.5038842792	269.552987645	108.4718118582	13.2222222222	3.3333333333	2.5555555556	0.6731596461	81	54	2	1
320	467	1038.9591682902	542.6712313583	3104.612363157	23.4896216581	0.1924471902	3.5769230769	1.3461538462	1.1923076923	0.8914529915	676	364	2	1
321	468	341.4563471189	400.3640274988	658.7796200122	391.5621572132	52.7929930266	2.2685185185	1.3518518519	1.2268518519	0.9107127307	46656	35208	2	1
322	469	148.9235809325	356.5579828579	497.1700010086	344.3976999785	28.6897679599	2.4455445545	1.4405940594	1.2326732673	0.8983241799	40804	29088	2	1
323	470	175.5280558565	250.9912588019	432.6522988706	199.9444486847	32.4061086523	2.0692307692	1.2	1.2153846154	0.8928537512	16900	12350	2	1
324	471	152.6353253315	302.6698759429	424.4719564296	306.9345733573	35.8626890127	2.6075268817	1.5483870968	1.2849462366	0.8689340567	34596	25482	2	1
325	472	153.3738223964	170.5974476824	308.3875270925	153.6150515586	31.3700739498	2.1827411168	1.1878172589	1.2436548223	0.9035387786	38809	28171	2	1
326	473	14.396409085	94.7119983501	116.8566452276	89.6240372747	2.666754314	3.1417910448	1.2014925373	1.5671641791	0.8612364105	17956	12060	2	1
327	474	155.829899419	730.8608336437	906.2641976948	724.3365528721	39.8166988024	2.15	1.125	1.15	0.9158497732	1600	1200	2	1
328	475	96.8742583055	284.2765923376	429.7017126689	273.6223938015	32.9744412703	3.0724637681	2.0144927536	1.2463768116	0.894062086	4761	3312	2	1
329	476	365.6305648	279.1460305532	462.9569616795	284.4697922603	41.7400274172	1.8333333333	1.2	1.3	0.8099259259	900	720	2	1
330	479	1054.2342959584	896.544564811	1593.057852781	548.2879208259	0.0124906436	3	2	2	0.5555555556	1	1	2	1
331	480	372.1788429007	260.9921724634	502.4600327637	204.8961933788	0.6087054089	1.6666666667	1.0555555556	1.1666666667	0.9108024691	8100	6210	2	1
332	481	305.8044262939	348.9590059411	570.2377886203	313.6069029692	24.2317301273	2.328358209	1.1641791045	1.0820895522	0.9289086973	17956	12462	2	1
333	482	0	8.6026138142	8.6026138142	8.6026138142	0	1.5	1	1	1	16	12	2	1
334	483	338.3683523508	335.447138171	574.8697130751	362.5476383803	0.0218289384	2.140625	1.109375	1.21875	0.8723958333	4096	2880	2	1
335	484	697.9065204282	1355.1179709058	1884.0161522251	1710.005746221	222.7800293371	2.5185185185	1.2407407407	1.1666666667	0.9448971193	2916	2160	2	1
336	486	148.1581549708	311.9029871194	534.8907915732	292.9892558335	53.9998281521	2.1826923077	1.1730769231	1.1923076923	0.9242386185	10816	8008	2	1
337	487	265.6779427002	276.213282502	539.4473930357	295.8298372861	46.3269128676	2.4583333333	1.3541666667	1.1979166667	0.8957860463	9216	6432	2	1
338	488	688.5888927578	702.3456571426	1187.5318463174	557.075680441	176.8974555809	3.2947368421	1.5263157895	1.2947368421	0.850793746	9025	6650	2	1
339	489	383.6030048722	548.1610173238	885.8399569915	501.2175559547	120.4610840799	4.3913043478	1.9565217391	1.3260869565	0.8730602651	2116	1518	2	1
340	490	423.5367720921	409.012011503	913.1150963616	358.1694393789	122.5340375876	4.7340425532	3.1914893617	1.5	0.8292508065	8836	6204	2	1
341	491	98.4874846766	101.0628045036	151.7209891785	99.4156603831	0.001128161	2.1123595506	1.0224719101	1.1460674157	0.9310861423	31684	21538	2	1
342	492	88.5728637004	331.5126406826	428.7293824992	305.6699305058	18.5357746889	2.1585365854	1.1219512195	1.1646341463	0.895493854	26896	18204	2	1
343	493	199.1748659157	146.3468564261	421.7688937856	97.8981882294	46.3059706969	3.1414141414	1.1565656566	1.4242424242	0.854983938	39204	23760	2	1
344	494	218.4201678151	273.7016799748	481.306357765	261.1668854909	33.9591139984	2.776119403	2.0597014925	1.1641791045	0.9080266259	4489	3819	2	1
345	495	115.7626189719	523.2403404508	656.1447641381	477.1961031	31.6122141674	2.4662162162	1.1081081081	1.2567567568	0.8670827287	21904	14504	2	1
346	496	234.6285271171	676.999106787	825.8643112455	662.1676427262	25.4400005439	2.1470588235	1.1764705882	1.1911764706	0.8985743464	18496	13056	2	1
347	497	444.3458392717	376.8891706114	660.4524030165	362.3458792286	62.4869745901	2.6197183099	1.4225352113	1.3661971831	0.8159389671	5041	2982	2	1
348	499	0	1479.5993440063	1479.5993440063	1479.5993440063	0	1.4210526316	1	1	1	361	304	2	1
349	500	237.0540347172	161.5926394021	446.6543547805	53.2019619505	0.5186331932	2.275	1.0583333333	1.3166666667	0.8929398148	14400	10320	2	1
350	501	817.9556326927	609.7860106033	3018.0299858438	220.7917503486	52.8589574807	3.0263157895	1.3157894737	1.6052631579	0.8188048246	1444	912	2	1
351	502	1.5416813706	44.5392455732	45.2898094822	44.5392455732	1.770438221325977e-07	1.5897435897	1	1.1025641026	0.9150641026	1521	1170	2	1
352	503	363.323133443	579.4245683084	841.2913933769	525.4423777573	23.7773662866	3.34375	1.4375	1.5	0.8004861111	1024	704	2	1
353	506	253.9210754047	206.9239781954	509.2897990997	68.6119216861	71.7177183478	2.5392156863	1.0784313725	1.3137254902	0.8742936411	10404	6732	2	1
354	507	513.2031995432	544.0246258548	1064.0507564031	425.7683380439	101.2866582335	3.2	1.9666666667	1.2	0.926805624	8100	5310	2	1
355	508	349.0471422724	493.2984977731	764.2159686618	472.6915373359	36.3384992015	3.3529411765	1.8137254902	1.4019607843	0.854655779	10404	8160	2	1
356	509	488.8779484158	446.5002942638	1090.4364333006	311.6376252548	143.7897172763	3.0849056604	1.6509433962	1.2735849057	0.8695313206	11236	7526	2	1
357	510	267.4964627093	420.627720544	777.5734767147	345.7131147563	6.7376259229	2.2054794521	1.1164383562	1.1780821918	0.9164231355	21316	15330	2	1
358	511	206.8772076687	443.9079451026	597.3533397202	420.2173571753	14.8946388419	2.1875	1.1	1.15625	0.9107204861	25600	17440	2	1
359	512	355.3095675618	398.9273488554	658.3711888845	397.8230985614	51.3521051827	4.0877192982	1.3684210526	1.4736842105	0.8156199029	3249	1824	2	1
360	513	0	38.1931659705	38.1931659705	38.1931659705	0	2.0769230769	1	1.4615384615	0.7777777778	169	104	2	1
361	514	0	42.8355714774	42.8355714774	42.8355714774	0	3.8571428571	1	1.7142857143	0.7714285714	49	21	2	1
362	518	64.0199080419	72.5595791583	116.8968494048	55.3395859441	5.231225988495681e-05	1.8	1.3	1.2	0.825	100	80	2	1
363	519	122.4670694348	458.7133425821	516.7709944098	459.203909438	31.2699760655	1.3939393939	1.0757575758	1.1212121212	0.9267676768	4356	3828	2	1
364	520	315.3931198724	461.5052706721	618.9351749836	460.0208923915	1.681779334	2.046875	1.125	1.0625	0.9627130682	4096	3072	2	1
365	521	214.5483193223	401.8047149971	593.604400966	391.5767152916	28.4438904426	2.4615384615	1.3717948718	1.2692307692	0.895582592	6084	4134	2	1
366	522	50.8050322721	1377.6625292068	1446.2803976014	1354.7899064086	9.807276844853162e-05	1.75	1.25	1.25	0.90625	16	16	2	1
367	524	0	189.7111668568	189.7111668568	189.7111668568	0	1.6666666667	1	1	1	9	6	2	1
368	525	279.6236077122	434.4377141046	975.0704331036	342.6169206733	154.4828585155	4.6454545455	1.4272727273	1.6727272727	0.8379064078	12100	8030	2	1
369	526	265.7828409165	1079.0864102772	1246.7995055415	1054.2540282398	32.1768600446	1.7923076923	1.1769230769	1.2230769231	0.9190854701	16900	13650	2	1
370	527	652.2538232047	801.3209127972	1426.1421515497	681.2891658842	90.3770054322	4.067961165	1.4368932039	1.2815533981	0.8984131254	10609	7004	2	1
371	528	551.0782223826	840.2792566642	1378.513893434	777.9628807642	126.5429354215	3.2988505747	1.9310344828	1.275862069	0.8965230593	7569	4872	2	1
372	529	294.5300596685	292.2313053262	465.6903785364	336.4581715545	30.230807565	1.9	1.16	1.05	0.9746318212	10000	7700	2	1
373	530	0	27.0685862322	27.0685862322	27.0685862322	0	1	1	1	1	1	1	2	1
374	532	98.2540011837	929.6315947721	994.5253442779	970.3981419031	32.1927234657	1.671875	1.0625	1.078125	0.9688464506	4096	3264	2	1
375	533	456.6123040798	358.9556431169	1026.3165224994	165.6226395258	60.1297818446	5.9047619048	1.7142857143	2.0476190476	0.6498917749	441	231	2	1
376	534	921.720400228	1302.1618287088	1762.3734638281	1302.1618287088	0.0667941634	1.3846153846	1.0769230769	1	1	169	143	2	1
377	535	214.5982440325	301.3495253596	461.0192417513	322.0047140119	50.4425635481	2.4444444444	1.1944444444	1.2777777778	0.8628125	1296	900	2	1
378	536	1134.0030955263	783.2848358952	2119.2576497644	564.7274624295	0.0682723433	2.9230769231	1.3846153846	1.2307692308	0.9134615385	169	91	2	1
379	537	496.5045379843	596.8004364262	1406.5969184289	397.9868813877	135.164031931	3.8842975207	1.9090909091	1.5289256198	0.8622984253	14641	10406	2	1
380	538	892.07509709	1531.8313171225	3604.6441977592	1243.8765689005	487.8697041011	6.4785714286	2.6357142857	1.9857142857	0.8095892329	19600	12320	2	1
381	539	306.9652520361	334.7495529745	499.6871097583	319.3306785743	0.0057209322	1.8765432099	1.0617283951	1.1234567901	0.9282407407	6561	4779	2	1
382	540	39.1847384641	59.1358241303	73.3391481431	59.1358241303	2.635087499505482e-05	2.1923076923	1.0384615385	1.2307692308	0.8766025641	676	390	2	1
383	542	136.6278713834	288.6924333186	367.2282847366	295.3739912723	1.7035874594	1.9292929293	1.0808080808	1.2727272727	0.8493265993	9801	6633	2	1
384	543	270.3408322739	194.2306705535	460.9512507256	67.6410350633	54.9952363568	2	1.2222222222	1.2222222222	0.9012345679	729	540	2	1
385	544	552.4631189856	700.4907663772	1171.6204270947	557.7043215163	112.406339672	3.1392405063	1.4746835443	1.2341772152	0.8977327039	24964	17222	2	1
386	545	773.6741851405	659.7789055602	1134.4199624536	592.5083631265	84.5776362842	1.8977272727	1.2954545455	1.1704545455	0.9116556187	7744	6072	2	1
387	546	308.1681733518	786.1168490546	1026.9403902459	731.1937921643	0.1402830113	2.3557692308	1.1730769231	1.1346153846	0.9390598291	10816	7384	2	1
388	547	374.7857874975	898.573850116	1157.9407856941	853.8059620231	27.2453840328	1.75	1.1323529412	1.0735294118	0.9342320261	4624	3604	2	1
389	548	0	40.6309588815	40.6309588815	40.6309588815	0	1	1	1	1	9	9	2	1
390	550	0	21.6418889619	21.6418889619	21.6418889619	0	1.8	1	1	1	25	15	2	1
391	551	621.7392449201	1070.770126389	1434.2050637929	1055.2772019201	59.5021459465	2.2093023256	1.2790697674	1.3953488372	0.7744702842	1849	1333	2	1
392	552	359.579003379	745.8221508573	1095.6733404337	681.3836157292	85.9010162757	2.2093023256	1.7441860465	1.2790697674	0.8246285164	1849	1677	2	1
393	553	587.377745861	453.8681678558	967.4154013151	384.2730441447	65.4938810927	2.1238938053	1.1946902655	1.2212389381	0.8866912488	12769	9379	2	1
394	554	27.4814003826	156.2924511365	175.2980651617	158.3948265195	0.9275168004	2.3846153846	1.1846153846	1.2923076923	0.9108376068	4225	2860	2	1
395	555	927.3308647131	504.229059592	1063.1104422531	474.918124143	24.0263923217	1.9230769231	1.3076923077	1.2307692308	0.9444444444	169	169	2	1
396	556	348.1945940188	302.3587938709	549.2675020556	302.3587938709	0.0043838494	1.8333333333	1.1	1.0666666667	0.937962963	900	660	2	1
397	557	172.6448211788	431.8505334709	544.06523127	404.7080582489	0.0084130512	1.8738738739	1.045045045	1.1081081081	0.9519192662	12321	9435	2	1
398	558	239.6026212831	633.1419914919	806.1887119406	642.9485235494	72.2021174795	2.55	1.275	1.4	0.8325277778	1600	1080	2	1
399	559	919.3965790004	954.6925787417	1825.9373365461	826.7736658518	191.3922308918	3.7254901961	1.4509803922	1.568627451	0.8425968478	2601	1683	2	1
400	560	6.1027522511	122.68058166	125.9414501639	124.4865923335	0.4465439447	2.3703703704	1.1851851852	1.2222222222	0.9032921811	729	513	2	1
401	561	0	57.2712742171	57.2712742171	57.2712742171	0	2.8571428571	1	1.4285714286	0.8214285714	196	98	2	1
402	562	133.915161939	1581.414716711	1783.182063277	1567.2720248462	46.4333860702	4.0816326531	2.3673469388	1.387755102	0.8579989919	2401	1568	2	1
403	563	260.286915886	209.0896797039	574.7718690911	118.2661982135	29.0065026973	2.1868131868	1.3296703297	1.1648351648	0.9118813344	8281	6006	2	1
404	566	0	22.9044051469	22.9044051469	22.9044051469	0	1.9090909091	1	1	1	121	77	2	1
