Index	HEX_600	03_HEX_weighted_average_distance	03_HEX_weighted_mean_home_distance	03_HEX_weighted_max_home_distance	03_HEX_weighted_median_home_distance	03_HEX_weighted_radius_of_gyration	03_HEX_weighted_num_reporting_2015	03_HEX_weighted_HEX_coverage	03_HEX_weighted_subject_coverage	03_HEX_weighted_subject_hhi	03_HEX_total_reporting	03_HEX_total_user	user_type	reporting_level
0	0	5584.1556592091	4132.5100901609	11578.0097821607	3769.0850514539	2227.6589905273	997	273	8	0.2846895752	4	2	3	1
1	8	3711.7603421504	3061.6293288674	8312.2931817432	2781.363283455	1454.9649478993	381	114.0909090909	4.9090909091	0.5407550347	121	55	3	1
2	9	362.6829829619	633.9511449976	910.5809585077	617.8600719946	90.6124777938	12.214953271	4.3457943925	1.2803738318	0.8693055616	11449	8667	3	1
3	10	374.3374624032	325.9445886174	749.3306984406	270.4541290837	66.6652686498	5.1686746988	2.8192771084	1.3012048193	0.8843815805	6889	4814	3	1
4	11	98.4081486906	302.5290589772	359.9702597147	322.9320852387	50.8275490947	3.4	1.8	1.8	0.6222222222	25	15	3	1
5	13	501.2230229798	506.7334156946	1115.0133924015	536.6325594906	129.2546285809	6.7777777778	5.1666666667	1.6111111111	0.8247379965	324	252	3	1
6	14	2066.6285714003	3723.5420768482	6262.6733815488	3589.2919964384	773.2031375049	119.1875	42.34375	2.78125	0.6395343358	1024	768	3	1
7	15	172.2561678134	167.347142992	248.2453192656	167.347142992	5.384729988122672e-05	1.5	1.5	1.5	0.75	4	4	3	1
8	22	1441.4989432188	1083.4825506764	2619.274339413	1010.797542935	445.5353820842	200.4	55.6	2.6	0.756937915	25	25	3	1
9	23	457.3860572898	368.5285604435	737.956239191	332.8966246237	50.4317533472	4.8823529412	2.6470588235	1.3039215686	0.8471766675	10404	7242	3	1
10	24	633.3753717003	857.8862743429	1554.1106332306	861.8210162324	159.5694194682	45.4757281553	13.9417475728	1.8834951456	0.787762145	10609	6901	3	1
11	25	509.4162866739	1053.5834531912	1566.7793655482	990.6509481713	132.3597500428	26.5527950311	9.4906832298	1.701863354	0.8158690822	25921	16583	3	1
12	26	74.7984829997	665.6963040696	709.9145331056	662.1271916356	35.6023938446	2.3636363636	1.4090909091	1.3181818182	0.8853598485	484	396	3	1
13	29	2892.6136557932	1949.9965868196	5807.7189158962	1270.9218766283	1154.3106313812	155.375	52.125	2.875	0.6750310725	64	56	3	1
14	30	1310.8032784869	1619.5276777736	3228.3508160933	1517.4443879369	425.9416271572	74.8125	26.375	2.1875	0.6563451606	256	224	3	1
15	31	285.5878074095	395.2951086498	635.189150221	400.636616531	83.3434986057	8.8761061947	3.7168141593	1.4380530973	0.8448911999	51076	35030	3	1
16	32	305.7647322569	629.2600467152	912.2414308496	622.2348392297	76.5856769972	7.4768518519	4.25	1.3657407407	0.8562447307	46656	33480	3	1
17	33	898.2775979839	2403.9262533262	2996.8682795353	2549.1295195173	349.8146587406	4.4	2.8	1.5142857143	0.8644897914	1225	805	3	1
18	34	5594.5584576196	4216.1803236177	12642.073546081	3148.6736561857	2331.7242713672	328	119	5.5	0.3646867008	16	16	3	1
19	36	270.279666481	233.0393406085	507.1183152647	211.8745173207	68.3443927726	15.4100946372	4.3848580442	1.7003154574	0.8545588225	100489	60547	3	1
20	37	307.5738769612	342.7452554798	659.1041867666	309.3991037477	66.4004516438	12.6984732824	4.7900763359	1.3778625954	0.8647771804	68644	50042	3	1
21	38	972.6558004539	833.9631294239	2047.4071065038	769.9469845119	382.9727700001	72.8068181818	23.2954545455	2.1818181818	0.7697115651	7744	4928	3	1
22	39	573.3468366464	576.4758139944	1200.9677025216	495.1453924939	154.9842932466	25.5157894737	8.3578947368	1.5263157895	0.8221247805	9025	6460	3	1
23	40	797.1372206916	613.963455682	1304.695807467	551.7273507888	157.360367948	10.5526315789	6.5	1.5	0.8090456787	1444	1102	3	1
24	42	5.4687654812	37.9228297335	39.2070306677	37.9228297335	1.6286506714369155e-06	1.5625	1	1.1875	0.8697916667	256	208	3	1
25	46	793.3576954583	836.9214903475	1677.6433436587	729.8886365334	227.7078530033	30.0681818182	12.0113636364	1.6875	0.8085634936	30976	20416	3	1
26	47	429.4196303896	481.6483917268	896.5246285756	416.0685275989	91.1482239022	13.5833333333	4.5357142857	1.4976190476	0.8278230488	176400	111300	3	1
27	48	718.4616506332	1528.6772601153	2257.1746513921	1511.9775196865	267.7781777628	27.4901960784	9.9411764706	1.5490196078	0.8765980793	2601	1989	3	1
28	49	638.684715123	564.5693606669	865.8264656188	564.5693606669	0.0001360362	1.5714285714	1.2857142857	1.5714285714	0.7142857143	49	42	3	1
29	50	845.2512358392	670.8750612859	1478.2507937785	652.2999096057	232.7301148465	48.4533333333	14.16	2.2266666667	0.7526522891	5625	3525	3	1
30	51	400.884749581	454.3204416008	911.5824720404	418.9413302002	119.9132524174	23.5799522673	6.0811455847	1.8233890215	0.8396644177	175561	95951	3	1
31	52	439.7878780165	589.1404774245	1062.9832235922	530.9249828752	85.8247104673	22.7313432836	7.0149253731	1.552238806	0.8731267584	4489	3350	3	1
32	58	0	91.6433611167	91.6433611167	91.6433611167	0	1	1	1	1	1	1	3	1
33	61	563.7150956091	862.7803845766	1476.0234937516	870.9555793196	199.3642135761	26.7222222222	9.7592592593	1.5	0.8167382672	2916	2214	3	1
34	62	1366.4936900283	1042.7950972407	2633.3311539826	917.4087037641	385.9736751298	19.0465116279	11.0930232558	2.0697674419	0.6678426441	1849	1290	3	1
35	64	784.7865157358	1147.567269904	1804.4619078778	1047.9017930491	92.8240822401	43.625	12.4166666667	1.5416666667	0.8544546582	576	384	3	1
36	65	426.9420283907	565.8248686734	1443.5918964906	509.0107710696	192.2942510351	42.5882352941	10.4055727554	2.386996904	0.6964137196	104329	55879	3	1
37	66	241.9344823983	309.221866935	747.0994913657	262.4379122246	82.3682017618	11.2116788321	3.1386861314	1.8467153285	0.7598543695	18769	11645	3	1
38	72	947.9312043195	898.9954019685	2047.5156754444	858.1454037445	410.0899891037	17.4545454545	12.0909090909	1.1818181818	0.9789079785	121	110	3	1
39	73	348.639129785	513.15688322	1003.3195464703	486.2461079524	119.4569853313	11.3513513514	6.9189189189	1.4324324324	0.9041074404	1369	1073	3	1
40	74	929.2202199667	1682.824995687	2833.5033092708	1662.969193412	368.8875041707	101.8695652174	31.5652173913	2.2173913043	0.8165863989	529	322	3	1
41	75	2045.6320609935	3211.89391568	5907.3640829522	3027.5660565759	747.4934699142	70	43.6666666667	2.8333333333	0.6656525846	36	36	3	1
42	76	3954.3627759224	3647.1977730804	8718.0478565749	3286.7052398863	1526.5306896503	380.3333333333	127	5	0.5617490199	9	9	3	1
43	77	2246.3314163	2767.0127128998	7639.0492880926	2246.3362295434	782.3272905507	27.5714285714	13.2857142857	2.5714285714	0.6149584488	49	21	3	1
44	78	642.1535887752	725.2979545954	1483.8353411949	674.7543605294	183.4058303225	36.3291139241	13.0506329114	1.6329113924	0.8296995419	6241	4266	3	1
45	79	1230.8685856447	1326.2956712572	2712.6217557967	1343.9240461009	388.4542634472	100.5085714286	29.8914285714	2.3371428571	0.7029325929	30625	17850	3	1
46	80	474.8808637399	449.4435030903	954.0813547056	395.5513218338	130.6764984265	14.8539325843	5.5842696629	1.6645264848	0.7796369629	388129	251069	3	1
47	81	0	141.2544704823	141.2544704823	141.2544704823	0	1	1	1	1	9	9	3	1
48	82	1853.1124332009	1579.3290921999	3033.8255248695	1439.3332788903	418.8873620363	8.9444444444	6.8333333333	2.0555555556	0.686799039	324	288	3	1
49	83	416.3640154869	422.1431790421	915.1712027676	371.0254440219	123.6054449607	21.3773584906	6.3113207547	2.25	0.7253886438	44944	26712	3	1
50	84	158.6511894616	182.8097062615	398.5705626295	137.9004016898	59.5264145491	8.1263157895	1.8421052632	1.7368421053	0.81634042	9025	6175	3	1
51	92	507.9999887545	536.7318194147	949.1870016561	525.3225666574	62.747938058	10.3235294118	5.4411764706	1.2352941176	0.8524190268	1156	782	3	1
52	93	377.125273019	698.6573972017	1176.9923317925	700.6647166537	141.2248140925	54.5263157895	15.9473684211	1.7368421053	0.8179401271	361	323	3	1
53	94	225.6424940746	326.9261019438	583.2259162768	299.0665917237	71.2708792802	6.7575757576	4.303030303	1.5151515152	0.8390741325	1089	660	3	1
54	95	562.8695894266	959.5716558443	1675.3284394636	911.51619664	220.7690534568	12.4918032787	7.2295081967	1.7213114754	0.8166695459	3721	2989	3	1
55	96	472.012112719	437.0491610168	901.8854351672	359.3448926498	80.903372301	25.7045454545	8.0568181818	1.3977272727	0.8399311912	7744	5720	3	1
56	97	459.0497913659	442.5467948915	939.900730218	437.2808974735	134.4214176261	11.3534883721	4.7906976744	1.4976744186	0.8570177491	46225	29455	3	1
57	98	510.2546226334	448.1529660098	1761.2091290979	349.0394058239	369.1128149429	34.6346153846	10.1826923077	1.9711538462	0.7943274131	10816	6968	3	1
58	99	5584.1556592091	4132.5100901609	11578.0097821607	3769.0850514539	2227.6589905273	997	273	8	0.2846895752	9	3	3	1
59	101	444.7440162594	383.5831392648	1033.5560405566	305.7112029837	148.4955779371	16.9758522727	5.1832386364	1.5965909091	0.8157867983	495616	291456	3	1
60	102	1005.5673621912	1052.7225046221	2243.1557307058	972.7896273209	296.4515956545	43.3002309469	13.8799076212	2.1524249423	0.7752820897	187489	102621	3	1
61	103	1632.876822972	2576.3253001563	4439.706512197	2443.9445495082	484.6710018342	59.1818181818	19.3827751196	2.2392344498	0.6996742513	43681	32186	3	1
62	104	1231.8129035579	1164.6504092816	2716.7189201183	1035.8249295988	433.6073750001	105.9272727273	33.2	2.2818181818	0.7935946141	12100	7810	3	1
63	114	189.3536312126	659.1160204944	822.9151138965	653.7585893617	60.0646884671	13.2150537634	4.4408602151	1.2580645161	0.9379868868	8649	6603	3	1
64	115	290.9789473855	291.1676086113	583.0042329196	244.0366051266	61.5240823471	12.5463917526	4.5412371134	1.6030927835	0.8318126242	37636	23086	3	1
65	116	385.6026100802	683.0357191583	1013.4427901219	625.246990742	67.8609118638	3.7639751553	2.099378882	1.3726708075	0.8658732771	25921	17549	3	1
66	117	410.2558930996	411.5499738702	782.01591289	393.4134628157	72.0998414772	21.6355140187	6.8971962617	1.3457943925	0.9055939173	11449	8988	3	1
67	118	310.1039251414	395.7361148227	778.4169104487	355.6666493822	105.7828351701	23.8441558442	7.4805194805	1.4675324675	0.8488960813	23716	14938	3	1
68	119	586.2444012969	581.7757101625	1149.7022414072	527.1174443281	173.7133828998	24.2983870968	7.9919354839	2.0322580645	0.7489555695	15376	8804	3	1
69	120	863.2805503423	708.9527036928	1558.344208092	678.345273667	199.5844278089	43.2714285714	16.1	1.6928571429	0.8795929805	19600	13160	3	1
70	121	792.6773613261	1652.5300845108	2560.1576180738	1569.3190872174	373.3343372153	42.6	12.6971428571	1.9885714286	0.777220689	30625	17850	3	1
71	122	686.9801023557	773.5744620304	1429.2688416294	747.9374519905	157.2562448223	42.3461538462	12.8076923077	1.6538461538	0.8528785239	676	598	3	1
72	123	3175.0516476417	2927.321952949	5969.2849604152	2651.3279618846	1039.5474104825	216	66.6	3.2	0.6810667776	25	25	3	1
73	124	4864.6807074176	4141.4164937388	9391.4620886	4209.4737192906	1525.3930137076	304.4285714286	93	4.7142857143	0.4054106905	49	42	3	1
74	125	6278.9326685581	4840.9706327143	12608.021191198	4122.9180718391	2351.9330784237	143	107	6	0.4005574845	4	2	3	1
75	127	5795.2815466986	5219.6055597892	11781.5098828769	5110.8956872175	1744.9474428831	34	27	3	0.455017301	4	2	3	1
76	128	376.4721032782	285.1037890352	767.4945054026	239.0091350928	122.1521785968	26.8691588785	7.1682242991	2.0186915888	0.759436392	11449	7276	3	1
77	129	296.4741968833	376.1644614187	742.7167753978	354.991757591	102.0279083047	28.0734265734	7.7447552448	1.7517482517	0.7959747361	81796	50336	3	1
78	130	962.5905555478	1103.5409157059	2300.6831061608	1063.1129477223	304.2744922529	83.4147465438	25.1244239631	2.0414746544	0.8010292668	47089	29295	3	1
79	131	749.6856900671	1025.2052442712	1781.5519625315	999.9840778119	210.4376039048	54.9509803922	16.431372549	1.8431372549	0.7662000884	10404	7446	3	1
80	132	1296.5433520873	1618.5299636633	3159.6071184504	1502.331606686	390.3760378877	58.7826086957	17.8858695652	2.152173913	0.7284141137	33856	25208	3	1
81	133	2401.7756316945	2284.7409000793	5316.4977822273	2067.7313232716	878.6635445451	249.3658536585	73.8170731707	3.4024390244	0.6621837052	6724	4510	3	1
82	134	2235.2466481146	1940.9438068061	4617.7621278069	1781.2372480132	660.0997771445	125.8518518519	49.4444444444	3.2222222222	0.5528037395	729	486	3	1
83	135	191.0727228483	243.7640375113	629.483866307	241.145661678	115.7349282015	4.3333333333	1.8333333333	1.8333333333	0.6859259259	36	24	3	1
84	146	22.4814288993	70.9777419224	80.2074805715	70.1608017985	0.3628896454	3.2571428571	1.0571428571	1.3428571429	0.88	1225	595	3	1
85	147	317.1415958469	679.8442805144	1099.9528717324	629.1008932487	134.0317098783	11.6527777778	4.4722222222	1.2847222222	0.9095382495	20736	16272	3	1
86	148	644.3683862882	939.7027126578	1550.9401082673	886.4944896009	155.1376667231	17.5222929936	6.178343949	1.5222929936	0.8559572791	24649	18212	3	1
87	149	622.8523793485	863.235310181	1888.6546046675	782.4231366953	275.8733081398	33.0463576159	10.582781457	1.6225165563	0.8626690878	22801	13590	3	1
88	150	616.0475228673	759.3308475638	1456.3534202644	759.5801218215	172.2593642297	30.8139534884	9.9941860465	1.8372093023	0.7907153825	29584	18576	3	1
89	151	803.8470375639	1170.8772185817	2058.104311436	1127.0170502009	279.6123061287	72.3409090909	20.6818181818	2	0.8313373946	1936	1496	3	1
90	152	534.987960863	598.4896374697	1300.2522527018	506.5217836285	182.316843502	19.4939759036	7.5301204819	1.6686746988	0.8342871172	27556	19256	3	1
91	153	558.8036597252	787.5292179421	1417.3925381901	739.1864342069	174.0598064563	23.7543859649	8.6140350877	1.6140350877	0.8521077768	12996	10032	3	1
92	154	2226.4818635667	1429.0072781528	2959.2413045965	1562.8400213537	144.8909406325	2.5	1.6	1.3	0.8625	100	80	3	1
93	155	4553.9718815035	3357.7863129422	8660.3847268449	3044.2307167972	1719.3830262994	505	142	5.5	0.5062501131	4	4	3	1
94	156	3617.8718534815	5380.6875612182	8178.4644292275	6866.3933958501	375.7944155156	172.8333333333	48.8333333333	3.8333333333	0.5422399292	36	12	3	1
95	157	394.7716209891	568.0085362524	1021.8921449156	517.7374120972	133.0931813231	20.746031746	7.4761904762	1.5555555556	0.8531586835	3969	2583	3	1
96	158	1418.6207713692	1226.0875447004	2945.1323557244	1135.4786354855	493.4614861385	164.6764705882	49.6470588235	2.6764705882	0.7355714463	1156	816	3	1
97	159	420.323368863	591.2221879683	1050.2396853018	557.4358952544	102.3922439401	25.7884615385	7.9807692308	1.6153846154	0.8621624231	10816	7696	3	1
98	160	645.8010400317	733.3957255769	1596.5874686572	668.7660489376	236.0509507929	53.8436657682	16.4905660377	1.9757412399	0.7871221133	137641	78652	3	1
99	161	689.8800608245	940.9132347407	1892.4745510789	878.9297483659	260.084044186	45.8174273859	12.0539419087	2.5892116183	0.7288504885	58081	34704	3	1
100	162	1039.8585552015	1145.8449213945	2450.316439606	1051.0359180307	368.1756354103	86.4522821577	26.0663900415	2.265560166	0.7492074926	58081	39524	3	1
101	163	654.5966995457	682.5948314802	1435.1674438136	619.8033789384	219.9660113166	51.5167173252	14.9696048632	1.9179331307	0.7707258738	108241	62181	3	1
102	164	1413.0606828599	1364.2734236139	3077.3392466237	1206.7995521588	459.0360203558	89.0402684564	27.5436241611	2.4765100671	0.721761107	22201	13112	3	1
103	165	1160.1194493706	1603.1371003503	2938.9939738134	1518.628012357	396.0349252279	78.5967741935	25.2580645161	2.3387096774	0.7234447744	3844	2666	3	1
104	166	984.596624577	1840.8142330806	3084.2998964546	1755.1940645378	345.5207172777	68.6226415094	23.2452830189	1.9433962264	0.805451477	2809	2120	3	1
105	167	1446.5474666057	3481.1920241354	5159.06822031	3345.7747793742	529.1112613647	168.1666666667	47.1666666667	2.8333333333	0.6499482625	36	36	3	1
106	168	4646.7733793664	3739.1292290606	9745.3144369192	3447.3046504398	1664.6555784101	283.3333333333	115.5	6	0.3305671581	36	30	3	1
107	176	0	190.7908032937	190.7908032937	190.7908032937	0	2	1	1	1	4	2	3	1
108	177	772.71284222	624.4088437278	3959.6969970171	349.1199988778	887.1324238413	29.9	6.9285714286	2.4285714286	0.7194137988	4900	1890	3	1
109	178	552.057666161	523.0774007535	1207.3638362896	605.8805464557	150.9109072793	15.05	8.4375	1.65	0.8392472898	6400	4560	3	1
110	179	276.0298622294	323.2513360571	863.4685912012	271.1709521642	153.2325693798	6.4201183432	3.3846153846	1.4378698225	0.8673166815	28561	19942	3	1
111	180	224.4193163575	428.0631038816	672.4022834116	454.8580379766	56.936117719	7.4633027523	3.3532110092	1.4449541284	0.8668684628	47524	28558	3	1
112	181	680.888619918	864.5176437248	1604.5129326536	849.026049518	214.6458226649	33.0294117647	12.931372549	1.5294117647	0.8678157119	10404	7446	3	1
113	182	465.3463049341	427.9847918236	1048.4430994902	397.6993719313	185.6382492106	84.3333333333	23.6666666667	1.5833333333	0.9403907979	144	120	3	1
114	183	1950.1393043746	1656.1164749224	5123.8785833826	1258.1697240991	934.129896447	24	7	3	0.5333333333	4	4	3	1
115	184	1442.8944530765	1543.4842422922	3307.6335803998	1438.9322851918	487.4525280888	75.7142857143	21.75	2.0892857143	0.7544685269	3136	2352	3	1
116	185	572.3948997189	777.5572256107	1322.5226561219	759.2981120707	157.4119640442	16.6049382716	5.9382716049	1.6296296296	0.8199235322	6561	4941	3	1
117	186	465.3738269852	400.833406583	956.6831263422	336.1642410265	166.1595358728	10.0630630631	5.8558558559	1.4684684685	0.8502086772	12321	9435	3	1
118	187	625.4970849424	635.9550596026	1326.1352335755	584.6063855737	180.5637709607	38.4579831933	12.9915966387	1.6428571429	0.8304504449	56644	36414	3	1
119	188	246.1083444319	269.7115080075	639.7040577207	232.1552314369	95.4562945816	15.0929824561	4.4771929825	1.8543859649	0.7733278929	324900	190950	3	1
120	189	421.8401269207	517.6518945995	1107.3640828435	411.5962226505	132.3103882185	23.7490196078	5.5529411765	1.7725490196	0.7903788399	260100	149940	3	1
121	190	461.376311153	587.0839015452	1209.013945993	512.5657064527	157.9740582513	29.1795918367	8.0693877551	1.6489795918	0.8199898458	60025	34790	3	1
122	191	2023.8860579498	1999.0402357994	4768.1543466784	1746.8306188271	743.5616232162	235.6666666667	69.1111111111	3	0.6551009614	324	252	3	1
123	192	716.3767652404	824.8780138318	1576.3173220335	813.0255737759	201.8599140142	26.8899082569	10.4495412844	1.6788990826	0.7969525025	11881	8284	3	1
124	193	2302.1350483567	2058.7660728744	5402.2905979305	1881.4185644429	889.2035486467	206.4	60.2	3.2	0.4974707949	25	20	3	1
125	194	1709.7322305468	1422.1514159807	3519.3325602468	978.8472285077	466.8471948831	7.625	4.75	1.75	0.8556206871	64	56	3	1
126	195	2577.1814313853	2655.0239116822	6525.9108479987	2406.9271503751	1024.5285951183	204.3333333333	77	3.5333333333	0.7069397909	225	165	3	1
127	202	679.275430916	926.1467165565	1127.5357772857	1127.5357772857	212.3150442134	3	1.5714285714	1.2857142857	0.8214285714	49	49	3	1
128	203	506.2441167862	836.2895595155	1599.5184113221	778.5817099786	207.0241953534	16.2153846154	9.4461538462	1.8461538462	0.8247009065	4225	3120	3	1
129	204	882.2943349391	1363.0020065469	2557.0026251788	1203.8120646974	315.2817033579	52.4720812183	15.0203045685	2.2284263959	0.7557502138	38809	22261	3	1
130	205	300.3694652383	765.8058529131	1132.0953561543	718.2414197055	90.6705917801	41.48	12.04	1.28	0.971387583	625	525	3	1
131	206	3086.3377578092	2046.9721241258	4275.9597992186	2265.314039459	361.5885015775	6	4.5	2.5	0.52	4	4	3	1
132	207	2242.2153066111	1696.0849808011	4637.5075000851	1377.7692753399	662.139175249	90.2280701754	30.3157894737	2.7368421053	0.619123498	3249	2337	3	1
133	208	2027.3631683538	1694.1596548362	4061.2577306368	1492.134352406	602.1267186261	151.3863636364	45.8409090909	2.8863636364	0.6461870019	1936	1276	3	1
134	209	837.9240827489	1233.4496876954	2142.5838801612	1140.7373515077	255.0204459612	29.3090909091	11.6545454545	1.8181818182	0.8256089076	3025	2365	3	1
135	210	1815.0985026101	1746.186780185	3466.5555313808	1706.0329687983	496.1947130422	107.3493975904	32.6265060241	2.3373493976	0.745098415	6889	4814	3	1
136	211	552.7830265929	623.8152209232	1284.8110045683	556.8644577674	200.209641289	27.2097902098	10.2447552448	1.8041958042	0.788586275	81796	51480	3	1
137	212	514.4683744431	566.4394237836	1249.9505249023	502.0473812804	180.5022226156	32.7260869565	8.6217391304	1.8456521739	0.7661758733	211600	125120	3	1
138	213	565.2338189567	807.0649827611	1471.8154717302	763.3596417334	224.1340549011	45.9684210526	13.4526315789	1.6210526316	0.8496191603	9025	6745	3	1
139	214	1367.2698928414	1169.878018112	2910.9359413541	1058.0809478543	536.3735642699	6.4285714286	5.5714285714	2	0.8552556938	49	35	3	1
140	215	1050.4263693196	1565.0515701232	2628.0109503876	1566.1322229024	346.8803366411	78.5535714286	23.6964285714	2.125	0.7520578742	3136	2016	3	1
141	216	482.5938506029	460.2095127029	981.3850906627	422.4711773293	155.0062225923	36.2736156352	10.67752443	1.6938110749	0.8081767827	94249	63242	3	1
142	217	387.9121164671	562.152215532	1029.0504386611	517.456686918	127.5792631914	18.31640625	6.265625	1.5390625	0.8406007736	65536	44544	3	1
143	218	469.9991966825	508.495706706	1192.7700916556	411.3729105835	155.4275887793	15.9	5.3842105263	1.6157894737	0.7930093146	36100	26220	3	1
144	219	286.2761203786	256.4640283174	599.5407867575	205.3887151578	67.4712555217	6	3.2222222222	1.4135802469	0.8186548874	26244	18630	3	1
145	220	295.8292471555	367.3360895672	620.3347672494	345.675678206	73.9879824021	2.5094339623	1.4528301887	1.2358490566	0.8446806737	11236	8586	3	1
146	222	0	1661.060670867	1661.060670867	1661.060670867	0	1	1	1	1	1	1	3	1
147	224	0	5231.3919278513	5231.3919278513	5231.3919278513	0	1	1	1	1	1	1	3	1
148	225	435.0559459984	432.9448570154	1006.483537738	405.7970199913	171.3583839004	79.1538461538	21.9230769231	1.8461538462	0.8295915058	169	91	3	1
149	228	642.6020003765	752.1450217087	2116.2663307388	619.1108339622	313.1537393206	23.0710382514	7.8907103825	1.6557377049	0.7937734845	33489	21411	3	1
150	229	526.1866852	543.4899488111	1525.5474919549	447.042959645	217.3008807385	15.6984126984	6.2063492063	1.5026455026	0.8718767998	35721	24759	3	1
151	230	946.2612136593	901.5402051541	1983.7860683816	844.7012427776	310.7917857255	88.4352331606	25.414507772	2.0518134715	0.7556196003	37249	20844	3	1
152	231	822.7128751978	1065.5106119113	1948.3705012963	1080.4007949575	264.1910556022	46.0394736842	14.7236842105	1.6578947368	0.8607431334	5776	3952	3	1
153	232	483.7210768963	465.8375855546	1092.7241335805	392.8225761269	128.0023410964	26.1495327103	8.1869158879	1.5981308411	0.8607656585	11449	6741	3	1
154	233	2020.1897050383	1800.193646956	4296.2600260162	1500.1285581302	681.1449660448	112.8970588235	36.5147058824	2.5735294118	0.6417642471	4624	2856	3	1
155	234	2071.1862671394	2256.131399231	4864.292388658	2091.0896578878	735.6768978891	163.5125	52.3375	2.875	0.7281860209	6400	4240	3	1
156	235	2292.6344773089	2282.6855606286	4455.2660453861	2287.3719696877	813.0207325065	215.6	57.5	3	0.6499163101	100	60	3	1
157	236	0	397.2031385799	397.2031385799	397.2031385799	0	1.5	1	1	1	16	12	3	1
158	237	457.2425035917	516.893436916	981.7074117778	488.3688487582	127.485246356	29.4732142857	10.2098214286	1.5803571429	0.8273347525	50176	34272	3	1
159	238	357.848281938	330.1293357671	704.1305132132	289.4457003136	84.5392667181	11.8357664234	4.1715328467	1.4671532847	0.8400387771	75076	46306	3	1
160	239	216.8115834797	210.0376116762	478.1798563428	188.2690219143	65.4886066495	25.9348837209	4.1511627907	1.9558139535	0.8261521606	184900	107930	3	1
161	240	237.802835915	283.6134231402	548.4469418647	257.8619619406	60.6308929682	16.5317919075	5.6734104046	1.4104046243	0.8424322023	119716	87538	3	1
162	241	173.0468280521	156.3382723916	383.3050108461	131.034727066	66.0869367836	3.1004366812	1.3886462882	1.3755458515	0.8281561026	52441	33205	3	1
163	242	0	48.9708186551	48.9708186551	48.9708186551	0	1	1	1	1	4	4	3	1
164	248	1069.0933834124	853.1254251962	2557.0617767977	586.7112691835	268.2292575183	41.8064516129	14.1612903226	1.9032258065	0.6953943944	961	651	3	1
165	249	256.6041955937	365.983329064	590.4798332705	332.2771746862	64.1819722402	4.6592178771	2.4972067039	1.312849162	0.8504726998	32041	20764	3	1
166	250	540.7180357868	716.5537342037	1398.0470604558	658.6240920044	174.625013189	23.7637795276	9.1732283465	1.4960629921	0.8526941147	16129	12446	3	1
167	251	360.6959336793	364.8082651136	794.7187493404	309.2367316949	111.3626414104	18.726618705	5.6690647482	1.5503597122	0.8152487367	77284	43924	3	1
168	252	400.1643386696	671.4808585493	1255.5217211256	630.1505510366	152.0287633794	14.0801886792	4.7547169811	1.7405660377	0.7677647407	44944	28196	3	1
169	253	762.3756309384	805.5098097758	1624.6851432853	794.3648737223	240.1087826684	54.3744075829	17.2464454976	1.6966824645	0.8339589062	44521	28696	3	1
170	254	736.9701022291	717.9687127306	1576.6188363172	639.8320258594	241.5758710371	67.2111111111	20.1722222222	1.9777777778	0.7833599888	32400	20160	3	1
171	255	726.0296367984	693.8424195415	1465.9919691932	750.5706444195	207.3601327354	46.0684931507	15.0068493151	2.1438356164	0.6990125502	21316	10512	3	1
172	256	697.2233544041	1373.9352694283	2287.2835633626	1313.3655678933	278.9960403899	119.5294117647	33.1764705882	2.1764705882	0.8000370089	289	221	3	1
173	257	481.6751837499	531.9755928415	1038.0023138025	511.9011128595	155.5584343302	22.7412587413	8.972027972	1.5314685315	0.82420127	20449	14443	3	1
174	258	488.7613938954	701.4902698217	1297.5663437162	658.6512328397	178.2977033096	46.125	15.0340909091	1.75	0.7808028174	7744	4488	3	1
175	260	2285.3622544043	2191.8211734637	4466.3895887363	2186.9234264777	692.7878321062	26.5714285714	20.1428571429	2	0.8365106836	49	42	3	1
176	270	1861.3852197364	1686.6454119169	4168.4786425835	1565.5037323479	742.5529968424	333.6666666667	91.6666666667	3.3333333333	0.7615631917	9	6	3	1
177	271	443.111050145	540.9101773873	1018.1291741043	509.1267417262	109.9554863061	18.5555555556	7.6851851852	1.3888888889	0.8773985922	11664	7884	3	1
178	272	473.7288868822	439.1453561963	1078.5284089801	349.6339176044	129.6445582265	22.2335329341	6.5808383234	1.5898203593	0.8431301558	111556	70808	3	1
179	273	496.1264415557	515.867589703	1259.6919017889	512.0798986536	138.8014657108	23.6733067729	7.3227091633	1.7768924303	0.8082923251	63001	40662	3	1
180	274	1312.4420270764	1434.2747159776	3064.5843374955	1283.8280250207	500.8049614765	67.4507042254	26.6478873239	2.2112676056	0.7515436621	5041	3479	3	1
181	275	349.604054433	376.6888354486	739.0340678405	326.0881116134	86.5443526624	4.5601851852	2.7037037037	1.3101851852	0.8670266089	46656	31536	3	1
182	276	539.9022385771	556.6978643988	1328.9736454233	453.3470007734	165.2071694607	13.325203252	5.0203252033	1.6056910569	0.8318251938	60516	40344	3	1
183	277	306.4278843384	402.5646885176	788.1593276169	351.4229190324	97.4842231426	11.0337078652	4.2893258427	1.4915730337	0.8269596645	126736	85084	3	1
184	278	407.561509187	388.4587882206	805.2527312361	347.8039456672	121.337675626	23.2008547009	8.141025641	1.311965812	0.9191436852	54756	36738	3	1
185	279	305.0749668482	596.4119338916	907.5483968965	554.8795452956	66.423623906	11.9419354839	4.1161290323	1.5870967742	0.7959790333	24025	14570	3	1
186	280	441.4429341423	482.5533100888	900.435522422	439.4112403607	103.3181395704	13.0609756098	4.9715447154	1.3699186992	0.8691172342	60516	41820	3	1
187	281	452.3104754699	743.8241280579	1147.9722161279	728.7954808415	80.4813674509	15.5333333333	6.0428571429	1.4047619048	0.8663900425	44100	33180	3	1
188	282	3413.4726671175	2709.944159861	6008.5350171939	2324.5631504225	800.1309873289	30.8333333333	23.5	2.5	0.6518550568	36	36	3	1
189	283	2002.6234716491	1383.8419717415	2882.8083366063	1107.4486916296	729.7515279311	10.3333333333	7.6666666667	2.6666666667	0.2162885948	9	6	3	1
190	293	0	98.257476019	98.257476019	98.257476019	0	1	1	1	1	9	9	3	1
191	294	200.3275645019	280.7815727458	384.4071882155	331.2172086127	6.9942584611	2.875	1.375	1.625	0.6564670139	64	48	3	1
192	295	874.3699041484	702.7689629969	1741.2550429919	656.30938663	272.5435021069	81.1875	27.5	2.1875	0.7580029749	256	192	3	1
193	296	342.0590892428	391.4364659099	749.5621287594	368.3042817733	110.0612205261	12.2857142857	5.2818532819	1.5598455598	0.8277062417	67081	40145	3	1
194	297	433.9755460397	526.0055881929	963.8428490676	489.4023885914	87.9884166732	15.3574879227	4.9903381643	1.5458937198	0.8276360808	42849	27117	3	1
195	298	430.5548521318	551.7327067871	1108.71025911	517.6537005852	130.6800837994	23.2525951557	8.6435986159	1.6712802768	0.7842628469	83521	54043	3	1
196	299	423.3660154311	381.2558549679	802.7001052429	318.9423629396	101.6471561714	15.2300884956	6.3318584071	1.4203539823	0.9010609333	51076	38194	3	1
197	300	425.0279632582	451.5031479736	951.6002239374	414.0905453452	142.8556306247	21.5171102662	7.8669201521	1.5437262357	0.8270784001	69169	47340	3	1
198	301	468.1635934689	592.5880016667	1158.0618790084	565.0587873628	148.9661127451	31.814516129	10.7419354839	1.5282258065	0.8560224422	61504	41416	3	1
199	302	429.4532475638	422.4946787558	952.9287511208	377.3395803175	145.8633614599	31.2126865672	10.1865671642	1.4291044776	0.9071135973	71824	49580	3	1
200	303	554.2167569022	649.4014801227	1437.9461969805	556.0359537719	201.9373046426	26.2092050209	9.1548117155	1.6192468619	0.8013033933	57121	37762	3	1
201	304	463.5412671331	667.6989185539	1150.6135341393	645.5326746498	131.5522073286	39.6181229773	11.7896440129	1.6763754045	0.8372880789	95481	60564	3	1
202	305	415.5162066037	476.118381352	985.210969543	411.9160605087	146.3182929566	33.9936305732	10.9203821656	1.5127388535	0.8504150182	98596	68766	3	1
203	306	513.0515070266	470.9194935066	964.8465295114	529.5303260626	166.9235033434	20.7205882353	8.2794117647	1.3676470588	0.8806598385	4624	3604	3	1
204	307	1429.982717551	2735.808699605	4334.9416236478	2436.4656538683	470.8549755693	127.125	35.875	3	0.6536417525	64	48	3	1
205	308	260.6460738001	538.6665593275	904.1348395514	521.8007074253	92.7403365679	14.8695652174	7.5217391304	1.5217391304	0.8844938271	529	345	3	1
206	317	183.7397515827	122.1744436282	204.4971853306	125.3872043893	5.6300200485	3	1.2	1.1	0.8971071663	100	80	3	1
207	318	119.2912429622	121.4693774007	233.1598267549	89.1374687442	22.7071517004	3.0603448276	1.1637931034	1.1465517241	0.9309154594	13456	8584	3	1
208	319	646.4873230722	1130.6806692687	1892.468209003	1073.230335348	185.6986558023	6.6241134752	3.1985815603	1.4893617021	0.8299887597	19881	12831	3	1
209	320	501.533538416	525.0167851442	1102.6214797778	448.3808844514	106.834308379	10.9651741294	4.6567164179	1.447761194	0.8606916588	40401	29547	3	1
210	321	393.5934219599	462.0136306616	899.6679853085	394.4384181194	103.8448376598	18.7853107345	4.9604519774	1.6836158192	0.8329074585	31329	17700	3	1
211	322	430.9641770826	496.3135933535	1071.3811387548	422.9759285203	151.824924374	44.8235294118	12.8914027149	1.6244343891	0.8404546356	48841	31382	3	1
212	323	475.1075694095	636.2454477476	1176.3799409243	578.1438417992	166.2626383022	34.3949579832	10.7731092437	1.9579831933	0.7702461517	14161	9044	3	1
213	324	437.2511831012	494.8785594381	1021.091728856	431.5158048704	151.6637618073	28.0057142857	9.0457142857	1.5028571429	0.8587716178	30625	18900	3	1
214	325	371.237457149	436.1595806956	922.6559704168	384.4213428324	123.6168480299	12.8989547038	5.362369338	1.3554006969	0.8827337297	82369	54530	3	1
215	326	442.2876048271	498.1938224504	1238.0149707509	403.3950978645	192.5604729677	22.9504132231	7.7658402204	1.5316804408	0.8393771906	131769	83490	3	1
216	327	543.0412260624	506.6394563038	1178.5293448298	456.8750502014	190.6786885297	52.5147679325	16.0886075949	1.6455696203	0.8416120629	56169	34128	3	1
217	328	379.5774138351	502.0638530667	910.5573981478	472.2118893494	107.3179510487	26.1041009464	8.9716088328	1.4258675079	0.8811598987	100489	65936	3	1
218	329	277.206624443	379.8263670707	901.8883690274	354.6776383838	122.5913872896	11.6343283582	3.671641791	1.5	0.8385684405	71824	41808	3	1
219	330	317.1517226562	309.1200956764	685.8369535985	280.090109592	79.5847734607	11.0466666667	4.3266666667	1.3733333333	0.860921743	22500	15450	3	1
220	331	150.6720492457	244.4507963926	375.50800411	228.2586612072	44.8857887791	3.5	1.1478873239	1.5352112676	0.8335497842	20164	11644	3	1
221	344	334.8145135843	774.3569133788	997.0213543666	827.6210198903	131.1395661602	3.4358974359	1.7179487179	1.1794871795	0.9030556144	1521	1014	3	1
222	345	30.0387664022	91.2505826944	110.4233839661	95.5465153875	1.1760281638	3.075	1.0875	1.475	0.8199695295	6400	3840	3	1
223	346	193.0247561728	352.4988996558	458.8211520995	359.1570313484	8.0234972639	2.5934065934	1.1428571429	1.1868131868	0.8846344628	8281	5642	3	1
224	347	524.1860819007	663.8742498136	1104.9868507755	632.6544690272	110.2465585577	5.9273743017	3.5586592179	1.3687150838	0.8641603921	32041	24165	3	1
225	348	469.332558315	640.7009513663	1260.6275244465	575.5530718009	179.5092318509	26.1487603306	9.479338843	1.6776859504	0.8212749018	14641	8954	3	1
226	349	270.6160424018	598.1162083516	872.5586107749	608.3542419701	93.4849044178	5.6428571429	3.6428571429	1.3214285714	0.7996571074	784	616	3	1
227	351	813.2541034578	676.6450564393	1611.766483998	634.5677922443	263.8890674044	91.4927536232	26.347826087	1.9565217391	0.8009716342	4761	3036	3	1
228	352	457.7220947792	520.4307462826	1049.3572068674	474.293667704	149.0151443869	39.1789215686	12.4656862745	1.6274509804	0.8050839849	166464	100776	3	1
229	353	501.0845997317	477.0913788352	1230.8044665777	447.0752317675	196.9494992898	45.8131868132	13.684981685	1.8388278388	0.7836454608	74529	43407	3	1
230	354	418.5665947557	437.1999202428	871.5350121338	380.8883919622	111.1237307979	23.0485175202	8.1320754717	1.4150943396	0.8926718574	137641	86072	3	1
231	355	466.7932205537	488.9834064567	1008.8824772169	463.8020256215	121.4694738962	21.7431192661	8.3577981651	1.4724770642	0.8692610866	47524	33354	3	1
232	356	784.0432550037	779.4847898741	1933.6689032132	652.1847671011	275.3478698949	66.4255319149	20	1.8368794326	0.8315927763	19881	12408	3	1
233	359	1342.8749339911	1030.2952756511	2606.0173604568	967.4866453695	536.1607466755	200.8	55.8	2.6	0.756937915	25	25	3	1
234	360	611.2627725839	751.2727285087	1169.3271309483	825.4764557276	177.1287911267	4.2222222222	2.3333333333	1.2222222222	0.6252834467	81	63	3	1
235	361	1351.364298889	1175.6741029182	2507.346919458	1124.3736213027	421.5630827629	18.6666666667	12.6666666667	1	0.996779464	36	30	3	1
236	362	0	83.1760057616	83.1760057616	83.1760057616	0	1	1	1	1	16	16	3	1
237	363	67.3376940644	78.859900988	111.2942501694	78.859900988	0.0006106161	1.6818181818	1.0454545455	1.0454545455	0.9772727273	484	352	3	1
238	364	0	80.312501886	80.312501886	80.312501886	0	1	1	1	1	9	9	3	1
239	365	344.7056573298	794.1892994424	1140.9675081093	777.9577476724	89.2980177356	39.6923076923	11.6923076923	1.4615384615	0.8811419067	676	624	3	1
240	367	948.7227353542	945.5274790248	2416.4908455968	819.8053349876	346.8871289238	73.9739130435	19.5652173913	2.7826086957	0.6092914521	13225	6670	3	1
241	368	510.4902798541	901.7083510131	1352.4189218718	890.856968185	104.3059062003	15.3292682927	5.6463414634	1.3170731707	0.8814147573	6724	5494	3	1
242	369	1330.2364892527	2045.5772123688	3800.6789363267	1798.6204985534	472.3457383202	11.5806451613	7.3870967742	2.1290322581	0.7615037181	961	744	3	1
243	371	87.7250748831	78.7591777683	194.2289704833	31.973859638	18.1596072056	5.2	2	2	0.7530864198	100	50	3	1
244	372	548.8415644371	484.7626838365	1158.9073048556	429.8221214471	205.9160594527	49.6635220126	15.2987421384	1.6949685535	0.835897248	101124	66462	3	1
245	373	336.6233056606	419.8949990745	776.6956040385	398.7126424081	99.5607804173	16.2112211221	5.9570957096	1.3267326733	0.8894768665	91809	55752	3	1
246	374	331.6718405467	576.7180747564	929.6151731192	543.6211259291	87.098051648	6.5789473684	3.8210526316	1.3263157895	0.8759422676	81225	57570	3	1
247	375	318.351839415	378.4037498148	734.6483328978	357.0600067914	83.5911845789	16.9421221865	5.7202572347	1.3633440514	0.8757490484	96721	68109	3	1
248	376	840.8976345369	781.4563801069	2505.8046547845	680.223761164	420.5433397224	84.2602040816	22.5510204082	2.6581632653	0.6931257255	38416	20580	3	1
249	377	610.5990062069	686.3331510091	1660.6360028505	566.2137586906	192.2567102848	11.376344086	3.9569892473	1.7204301075	0.7632224675	8649	6045	3	1
250	378	1394.7331679862	1775.135676169	3640.5881757025	1682.2042406431	552.2014508552	175.45	55.85	2.55	0.8030242877	400	300	3	1
251	382	1532.618843833	906.5050797238	3636.1346995233	219.0147661056	456.220591291	37.6896551724	10.7586206897	1.3448275862	0.9395742255	841	493	3	1
252	383	173.5729533545	211.0536032723	372.9016207878	218.0440247803	39.9663942618	2.2	1.1	1.35	0.782349537	3600	2520	3	1
253	384	321.9471923842	461.058684679	794.5944486618	440.6791927223	114.9986559569	26.5882352941	8.2941176471	1.4352941176	0.8525169979	7225	5355	3	1
254	385	214.979017635	666.2557777163	929.5382114036	628.9621318913	80.2733434966	20.1592920354	6.1238938053	1.2654867257	0.9239127928	12769	8814	3	1
255	386	339.5695129454	332.8324750817	769.107629263	311.8656459255	128.5188157385	59.25	16.7115384615	1.5384615385	0.8946295268	2704	1976	3	1
256	387	225.6048759917	638.3118614602	1002.9642101063	584.4639756992	102.6148237176	16.4444444444	5.0833333333	1.4444444444	0.8600737882	5184	3600	3	1
257	388	977.9162755059	879.1255682779	2073.0336361245	929.2439435612	310.9198440043	108.4406779661	31.7457627119	2.1016949153	0.8298279607	3481	2301	3	1
258	389	600.5858761285	318.1014584564	618.394246593	318.1014584564	0.0069636502	1.3333333333	1.1111111111	1.1111111111	0.9444444444	81	72	3	1
259	390	609.7088720605	515.999675248	1191.3563320247	521.8088630272	167.0312611072	52.6355140187	16.3271028037	1.738317757	0.8163941022	11449	7918	3	1
260	391	349.1747550482	418.0152401603	1007.9989193357	338.3199459732	161.4736840421	27.5632911392	7.1518987342	1.9303797468	0.7361691271	24964	14536	3	1
261	394	2239.0343131596	3303.0714752377	5949.4906318759	3351.029199832	731.7089624597	140.3684210526	48.4210526316	3.3157894737	0.5255824065	361	285	3	1
262	395	500.0689637868	567.3945100426	1243.1137649469	525.135118232	196.1439985028	58.4523809524	17.6607142857	1.6964285714	0.8421956685	28224	19992	3	1
263	396	409.8196773524	364.2287184656	879.6386296116	324.0774122358	124.1444863678	26.6855895197	9.6069868996	1.5283842795	0.8356353064	52441	31602	3	1
264	397	298.6812392089	261.9173343964	600.4596605492	221.3768760936	68.6056590864	14.023890785	4.4880546075	1.3890784983	0.844296578	85849	59479	3	1
265	398	507.8685453313	632.7132532105	1395.0033044607	576.2426273385	189.9437618244	19.9475806452	6.4516129032	1.5362903226	0.8326580616	61504	42656	3	1
266	399	190.5971919107	352.8378819508	581.7389056268	333.1470772037	74.1812875437	14.275862069	4.724137931	1.4679802956	0.8094302779	41209	25172	3	1
267	400	447.8973861282	493.2174746591	905.1156866209	437.4607149914	106.3020217818	14.1008403361	5.6680672269	1.3445378151	0.8837683068	56644	40936	3	1
268	401	263.0361474822	430.4386928591	632.5258933796	406.4340086203	36.6385546129	9.0992907801	3.1914893617	1.2340425532	0.8905396863	19881	15228	3	1
269	402	1982.0253475373	1530.9726193486	3614.4255447061	1330.370358618	635.5256461195	39.5	28.25	3.5	0.4334727045	16	12	3	1
270	406	478.3329629262	1664.3210610106	2117.59819631	1641.9828059574	111.0033715038	50.0975609756	14.3414634146	1.4512195122	0.9048933939	6724	5412	3	1
271	407	256.4009643123	343.6019715606	660.4864502975	328.3646734525	94.8838372097	34.9140625	10.7421875	1.40625	0.8858194852	16384	11904	3	1
272	408	307.6496094214	701.6430739146	865.3639918817	722.1048574577	22.6361619259	1.8571428571	1.1875	1.1339285714	0.9415530349	12544	9632	3	1
273	409	395.6086844424	441.0474633618	914.2833915714	386.6715228199	106.9789939178	22.8372093023	8.6356589147	1.3178294574	0.9023329055	16641	12642	3	1
274	410	466.0508568246	415.2707641696	903.8542756362	373.5023252602	100.3122809262	33.3653846154	10.4230769231	1.4711538462	0.8628781732	10816	8320	3	1
275	411	391.0009032485	308.1504686661	894.8288654671	155.5584341973	124.1460166229	10.2727272727	3.2857142857	1.5454545455	0.8358554405	23716	14938	3	1
276	412	373.3843540553	623.6019830987	1073.8260702406	638.1630821231	113.2706747384	5.4785714286	2.8785714286	1.3785714286	0.8902058183	19600	14560	3	1
277	413	702.2961868299	1078.641013807	1777.3061434933	1072.8671899319	180.1300007525	35.6257309942	10.8771929825	1.9356725146	0.7916745573	29241	19665	3	1
278	414	308.8929122271	557.0187914842	947.5084131814	514.3778976708	81.3669883661	18.4345549738	7.0890052356	1.387434555	0.9115145989	36481	26167	3	1
279	415	207.3095014653	312.5575825789	535.8885080669	305.1967345477	64.9688357858	6.6375838926	3.8791946309	1.2483221477	0.8448117356	22201	16837	3	1
280	416	1396.8361537165	1229.3574966579	3019.0853490709	1375.1028306364	447.7744265613	38.7	17.4	3.6	0.5610430541	100	60	3	1
281	417	1215.9147423152	1307.3523071173	2688.1922202566	1242.9750585112	325.1400704218	120.6666666667	33	3.1111111111	0.5556131334	81	63	3	1
282	419	459.049860217	549.3211514531	1091.208700919	488.3165433675	130.3637160521	19.7043010753	6.7258064516	1.4569892473	0.8748664868	34596	26040	3	1
283	420	212.936525716	238.3014693466	443.1809533971	221.7465523717	43.0840600504	4.9827586207	2.7413793103	1.2298850575	0.9050855704	30276	21924	3	1
284	421	859.4076925199	671.941551074	2907.8998026935	527.2353921564	472.7466822883	36.5223880597	14.3532338308	2.2835820896	0.7246430139	40401	20904	3	1
285	422	534.0644063848	500.1905029433	1290.5724116441	388.6014075206	196.1978492375	20.7651515152	6.7954545455	1.571969697	0.8074484419	69696	46728	3	1
286	423	335.2397827462	368.3193297935	770.7710560859	335.4737176324	98.627583742	18.2967032967	5.7106227106	1.5238095238	0.8495969431	74529	47229	3	1
287	424	270.815433919	273.5630579844	568.7961334548	244.0354952746	60.6487801341	5.6615384615	3	1.2215384615	0.9217321963	105625	73125	3	1
288	425	343.817347653	353.4178376364	743.9405531564	316.5688470506	100.0300064184	21.1481481481	6.75	1.2824074074	0.9177996395	46656	34560	3	1
289	426	301.7513805336	419.5772063928	754.3216880463	417.1397689221	92.4352473924	18.088	5.608	1.256	0.9122744351	15625	12125	3	1
290	427	441.1603496997	460.1541363635	779.0422364	465.3196366279	60.5937079783	14.7924528302	5.0188679245	1.3867924528	0.862517577	11236	6996	3	1
291	432	86.9694553118	492.4774768443	606.1982935036	491.2607777406	39.3372815157	11.5963302752	3.5596330275	1.247706422	0.9233544617	11881	7848	3	1
292	433	115.310961355	324.463453912	464.7119316273	291.6864956524	31.4168260797	2.4532374101	1.4892086331	1.1510791367	0.943477798	19321	14734	3	1
293	434	518.7264723461	641.2598603506	1205.1029769963	553.4131237463	155.1399264605	33.9160305344	10.3740458015	1.4198473282	0.8646382224	17161	11135	3	1
294	435	156.8106509893	457.5910540035	589.973632993	442.806968749	20.525614355	2.1909090909	1.2818181818	1.1909090909	0.8997362514	12100	8580	3	1
295	436	406.310843625	342.3468370857	802.9738021871	266.1905916201	86.8687190405	24.4142011834	7.3431952663	1.5384615385	0.8716300838	28561	17745	3	1
296	437	213.9605820517	261.7110203994	493.8352292854	227.4613196225	38.9641090068	3.1655629139	1.298013245	1.3112582781	0.8573828645	22801	15704	3	1
297	438	516.6107323302	776.8651836107	1360.5317870163	736.1957593856	151.9674423295	26.9787234043	9.3687943262	1.4326241135	0.9044502085	19881	14805	3	1
298	439	639.3411087351	818.7860865566	1565.9754327007	735.0792270205	214.4578752957	20.5655737705	9.6475409836	1.5163934426	0.877039765	14884	11468	3	1
299	440	278.3998339512	402.6675998377	632.5509985767	377.038362426	11.1504239016	2.641025641	1.25	1.4358974359	0.8408754519	24336	16380	3	1
300	441	943.9851933585	987.9848973978	2035.5794446875	975.8698129365	225.0683104875	54.6111111111	16.4027777778	2.2916666667	0.7953420551	5184	3384	3	1
301	442	330.633512593	1613.5919444162	2028.3305010009	1574.6163161865	124.0265920262	11.85	3.6	2.55	0.6303214395	400	180	3	1
302	443	349.5597785357	230.0836940185	395.2608159043	230.0836940185	0.0002741328	1.85	1.15	1.05	0.9	400	300	3	1
303	444	401.9683401994	409.1484021271	904.5414687706	349.0984954333	124.0381916386	23.3198529412	7.7647058824	1.5220588235	0.8410487923	73984	49504	3	1
304	445	386.5577429175	372.4232955203	805.9718199898	337.4751239971	106.4290865762	26.4428571429	8.7571428571	1.3642857143	0.9089991531	78400	53200	3	1
305	446	376.7373019089	338.9374370444	884.9795334365	276.7459609887	108.0422481183	26.3551020408	8.9428571429	1.4	0.8859478194	60025	41650	3	1
306	447	463.2891526631	482.5198859485	999.6375715848	415.202824162	143.0820675073	7.0879120879	4.478021978	1.3571428571	0.8890563938	33124	24388	3	1
307	448	296.585116481	549.5381569526	847.24655005	526.3007706652	63.1113799802	5.111969112	2.888030888	1.3629343629	0.8748352717	67081	46361	3	1
308	449	585.5937456221	564.4922200521	1113.8803961578	586.5172630561	135.4785345087	15.5161290323	5.747311828	1.4032258065	0.8826295733	34596	24738	3	1
309	450	362.6175528903	375.7286090922	756.8877231488	326.2633640198	98.6485968863	11.670411985	4.265917603	1.3033707865	0.8895458298	71289	46191	3	1
310	451	152.7557826579	228.01998009	398.5653440546	207.1146571387	30.9523200696	7.1822429907	2.6308411215	1.1775700935	0.9177156965	45796	31886	3	1
311	452	278.2866862717	516.7641391647	853.359349201	509.1426054687	126.1997257741	2.2	1.3714285714	1.2571428571	0.903451725	1225	1015	3	1
312	453	0	3432.9417577854	3432.9417577854	3432.9417577854	0	1	1	1	1	4	4	3	1
313	455	1696.7804228562	4090.5067367545	5411.2125313115	4288.5573681568	469.2979522346	17.7777777778	13.3333333333	1.8888888889	0.7667286094	81	63	3	1
314	456	0	361.6914881653	361.6914881653	361.6914881653	0	1	1	1	1	36	36	3	1
315	457	657.3947147151	962.23059066	1665.0154073272	1000.5055025777	237.5337160372	48.1805555556	15.5	1.5555555556	0.8778038521	5184	4104	3	1
316	458	927.3287387276	1180.1530097909	2139.2617199609	1063.6281692281	222.1375144066	22.6666666667	10.1	1.5555555556	0.8209677952	8100	6570	3	1
317	459	261.0043538272	263.557963705	506.7248870665	255.1359201515	50.0738458322	16.3636363636	5.8181818182	1.4431818182	0.8236141773	7744	5544	3	1
318	460	220.0191921769	198.1767501206	396.3083075752	179.086870038	57.2372582231	10.9292035398	3.6991150442	1.185840708	0.9403378014	12769	9266	3	1
319	461	579.464422576	608.0462513766	1161.9591486466	546.6006570285	114.7918046632	11.736	4.376	1.456	0.8480066145	15625	11625	3	1
320	462	406.5584116839	613.5986267318	1207.6004766143	562.7933923962	178.0854324343	18.6148148148	6.3703703704	1.4888888889	0.8493828275	18225	13230	3	1
321	463	229.2034860923	199.1274918818	467.1665505727	180.5716978427	82.28419441	15.2371134021	5.9072164948	1.2268041237	0.9404648663	9409	7275	3	1
322	464	285.971294198	445.405211321	888.4737830334	375.5541498237	106.9434310765	3.2564102564	1.5982905983	1.2735042735	0.9179201812	13689	9360	3	1
323	465	912.7629588337	906.3421513244	2028.1744635766	828.6087938715	309.3786762293	86.6076923077	25.8230769231	2.1461538462	0.7987206485	16900	10920	3	1
324	466	184.6300097036	297.9427747801	776.5038842792	269.552987645	108.4718118582	13.2222222222	3.3333333333	2.5555555556	0.6731596461	81	54	3	1
325	467	1038.9591682902	542.6712313583	3104.612363157	23.4896216581	0.1924471902	3.5769230769	1.3461538462	1.1923076923	0.8914529915	676	364	3	1
326	468	381.886784862	444.6045881955	766.5644536577	430.5792541071	69.9509789543	6.9311926606	2.6697247706	1.2660550459	0.9058455681	47524	35970	3	1
327	469	377.8402102703	515.8659761696	957.091180404	486.8002325771	123.0788344661	29.8009478673	10.2322274882	1.4691943128	0.8773680887	44521	31017	3	1
328	470	471.5403162272	535.1815896196	1108.0508198885	467.8879412853	148.9718996801	20.4855072464	7.731884058	1.4420289855	0.8656757376	19044	14076	3	1
329	471	295.927092645	408.6190724912	717.5148319761	404.5919714005	90.7122699548	23.5968586387	7.3664921466	1.4345549738	0.8545314668	36481	26549	3	1
330	472	312.1361323724	366.4034745544	702.7767867291	348.8033403681	102.1755635447	8.2401960784	3.3431372549	1.318627451	0.8901356582	41616	30192	3	1
331	473	261.9836616001	294.2426616856	635.6264588432	277.0863345844	89.775810193	21.6214285714	7.5928571429	1.7571428571	0.8397986344	19600	13020	3	1
332	474	288.2280886822	813.8278886807	1166.5506753648	798.5987113741	93.1787059176	26.4146341463	7.756097561	1.3170731707	0.9004556221	1681	1271	3	1
333	475	96.8742583055	284.2765923376	429.7017126689	273.6223938015	32.9744412703	3.0724637681	2.0144927536	1.2463768116	0.894062086	4761	3312	3	1
334	476	365.6305648	279.1460305532	462.9569616795	284.4697922603	41.7400274172	1.8333333333	1.2	1.3	0.8099259259	900	720	3	1
335	479	5023.0297899124	3991.0717464926	10513.320934418	3531.0405108044	1899.2968295812	713.7142857143	196.1428571429	6.4285714286	0.3228933474	49	21	3	1
336	480	368.0889655062	401.3325244994	640.1468918294	345.8529847455	0.6020163385	1.6593406593	1.0549450549	1.1648351648	0.9117826618	8281	6370	3	1
337	481	380.2153343183	401.9572010043	723.0133557142	361.655393375	56.6377583238	11.2573529412	4.125	1.1617647059	0.9218493677	18496	12920	3	1
338	482	0	8.6026138142	8.6026138142	8.6026138142	0	1.5	1	1	1	16	12	3	1
339	483	487.3664688609	467.6916706701	923.6496892283	460.4651326069	65.1312244155	6.3181818182	3.5606060606	1.303030303	0.8693819759	4356	3102	3	1
340	484	1006.0691645479	1584.2510499333	2581.1645648139	1882.1953764852	350.5425255784	54.3275862069	15.5689655172	1.5517241379	0.902658752	3364	2436	3	1
341	486	251.1739522799	394.8255928513	719.1259442025	365.5424722497	97.4962021291	3.3301886792	2	1.2169811321	0.9198147066	11236	8374	3	1
342	487	368.1273328434	381.816359372	791.6335538429	379.2086230931	92.3059571863	4.0510204082	2.3571428571	1.2142857143	0.8970301561	9604	6762	3	1
343	488	988.8476614993	916.5888258889	1812.9261390978	751.1683602931	301.1893634958	37.7425742574	12.9702970297	1.6237623762	0.8227093918	10201	7373	3	1
344	489	383.6030048722	548.1610173238	885.8399569915	501.2175559547	120.4610840799	4.3913043478	1.9565217391	1.3260869565	0.8730602651	2116	1518	3	1
345	490	583.1435417967	524.1717458945	1242.9572000461	463.6616748039	187.640994895	35.4226804124	11.5360824742	1.7010309278	0.8124087066	9409	6499	3	1
346	491	190.7548911016	239.9535512903	421.6521529358	216.2254977629	34.9799094628	8.1923076923	2.8626373626	1.2087912088	0.9251849399	33124	22568	3	1
347	492	367.5872701914	548.6698664419	845.622911984	523.6688656231	98.8315494298	17.0350877193	6.1228070175	1.3099415205	0.8837256565	29241	19494	3	1
348	493	331.5525708114	248.5411138933	701.3695125067	191.925505369	99.1051491604	12.842364532	5.2610837438	1.5467980296	0.8447504599	41209	24969	3	1
349	494	218.4201678151	273.7016799748	481.306357765	261.1668854909	33.9591139984	2.776119403	2.0597014925	1.1641791045	0.9080266259	4489	3819	3	1
350	495	227.1260836005	600.0248830836	884.5720654338	547.5128844142	74.6155855556	17.4238410596	5.701986755	1.3841059603	0.8559005366	22801	15100	3	1
351	496	801.1980029033	1045.9163850795	1921.5131386062	984.8858542111	249.0886845831	50.3355263158	17.7960526316	1.7236842105	0.8452154955	23104	15656	3	1
352	497	585.6374615815	505.9445893055	988.5057732967	482.2693677764	124.6433376853	7.6849315068	4.397260274	1.4383561644	0.811721938	5329	3212	3	1
353	499	0	1479.5993440063	1479.5993440063	1479.5993440063	0	1.4210526316	1	1	1	361	304	3	1
354	500	237.0540347172	161.5926394021	446.6543547805	53.2019619505	0.5186331932	2.275	1.0583333333	1.3166666667	0.8929398148	14400	10320	3	1
355	501	817.9556326927	609.7860106033	3018.0299858438	220.7917503486	52.8589574807	3.0263157895	1.3157894737	1.6052631579	0.8188048246	1444	912	3	1
356	502	263.2101931062	235.1878809228	577.664762727	217.0448555727	108.6752024852	31.243902439	10.8292682927	1.3658536585	0.8923231361	1681	1312	3	1
357	503	929.0180255461	1208.2296592325	2265.5812247281	1121.5912860567	258.8346063193	91.1081081081	27.4864864865	2.1621621622	0.7517022244	1369	925	3	1
358	506	302.1269177577	246.446455528	603.6001473244	108.1029909191	90.2605479373	3.2718446602	1.6019417476	1.3300970874	0.8734491492	10609	6901	3	1
359	507	994.7494374744	1152.7398960325	1884.8697932524	1162.8249403135	271.0192160293	6.5346534653	3.9405940594	1.4059405941	0.8840964399	10201	6262	3	1
360	508	399.8734385533	528.6306491555	869.2042581132	504.6953578613	57.6134554279	13	4.4466019417	1.4660194175	0.8491221266	10609	8343	3	1
361	509	625.6650849564	558.4376926568	1382.6251844672	417.79461117	203.9118231781	22.2385321101	7.247706422	1.3944954128	0.8598199625	11881	7957	3	1
362	510	410.9608220178	544.2457990949	1102.4687229237	439.7064717987	64.6784290899	10.52	4.0466666667	1.28	0.9089910732	22500	16200	3	1
363	511	405.697201255	586.9920363955	1002.6914324271	550.074666336	93.5705371798	23.0963855422	7.8795180723	1.3554216867	0.8921721265	27556	18758	3	1
364	512	785.0799764248	864.5425575413	1708.6020671798	834.3114938059	221.7577540924	71.3492063492	21	1.9841269841	0.7694039808	3969	2205	3	1
365	513	771.9343571075	635.2125350909	1691.9638775676	585.1232262605	290.7124487726	86.4	29.1333333333	2.2666666667	0.715943914	225	150	3	1
366	514	0	42.8355714774	42.8355714774	42.8355714774	0	3.8571428571	1	1.7142857143	0.7714285714	49	21	3	1
367	518	64.0199080419	72.5595791583	116.8968494048	55.3395859441	5.231225988495681e-05	1.8	1.3	1.2	0.825	100	80	3	1
368	519	122.4670694348	458.7133425821	516.7709944098	459.203909438	31.2699760655	1.3939393939	1.0757575758	1.1212121212	0.9267676768	4356	3828	3	1
369	520	684.5260872297	717.1042390454	1377.1850200741	688.8991183588	162.995064607	51.6811594203	16.7391304348	1.4782608696	0.9230988855	4761	3450	3	1
370	521	214.5483193223	401.8047149971	593.604400966	391.5767152916	28.4438904426	2.4615384615	1.3717948718	1.2692307692	0.895582592	6084	4134	3	1
371	522	50.8050322721	1377.6625292068	1446.2803976014	1354.7899064086	9.807276844853162e-05	1.75	1.25	1.25	0.90625	16	16	3	1
372	524	0	189.7111668568	189.7111668568	189.7111668568	0	1.6666666667	1	1	1	9	6	3	1
373	525	370.9899367617	510.6813907944	1167.8537592527	414.5071478851	194.1976262616	14.3839285714	4.4553571429	1.7232142857	0.8342417073	12544	8400	3	1
374	526	434.9100445872	1180.8074237447	1570.5671467695	1140.5748501325	99.5684771918	18.7537313433	6.8134328358	1.3955223881	0.901877651	17956	14338	3	1
375	527	922.4560461322	1006.358532699	1915.6462603949	875.2707643934	171.7741273172	10.7592592593	5.6388888889	1.4166666667	0.8805224578	11664	7884	3	1
376	528	723.4108484789	958.5386920966	1737.6851724091	885.9132546025	195.5286789309	28.3666666667	9.6111111111	1.4888888889	0.8767804815	8100	5220	3	1
377	529	554.2399270408	489.7047081931	1027.7423014057	514.0531112332	133.0677448591	35.4761904762	11.780952381	1.3619047619	0.9428949228	11025	8295	3	1
378	530	0	27.0685862322	27.0685862322	27.0685862322	0	1	1	1	1	1	1	3	1
379	532	98.2540011837	929.6315947721	994.5253442779	970.3981419031	32.1927234657	1.671875	1.0625	1.078125	0.9688464506	4096	3264	3	1
380	533	456.6123040798	358.9556431169	1026.3165224994	165.6226395258	60.1297818446	5.9047619048	1.7142857143	2.0476190476	0.6498917749	441	231	3	1
381	534	921.720400228	1302.1618287088	1762.3734638281	1302.1618287088	0.0667941634	1.3846153846	1.0769230769	1	1	169	143	3	1
382	535	673.8015851202	652.0433578708	1413.2736489533	624.3399495626	221.8673380933	16.5641025641	10.4615384615	1.6666666667	0.825787769	1521	1053	3	1
383	536	1134.0030955263	783.2848358952	2119.2576497644	564.7274624295	0.0682723433	2.9230769231	1.3846153846	1.2307692308	0.9134615385	169	91	3	1
384	537	701.8764747493	762.5090740545	1822.9369506128	543.409201135	215.0096175201	7.6984126984	4.6587301587	1.6349206349	0.8543386068	15876	11214	3	1
385	538	1213.7786184305	1772.8311701283	4195.21456236	1476.3915186647	603.089273851	51.3311258278	16.7682119205	2.3311258278	0.7771787875	22801	14043	3	1
386	539	563.4774713071	521.8025258134	1033.1377226836	485.8348022437	106.2985111237	38.6588235294	11.9058823529	1.4235294118	0.8993191319	7225	5185	3	1
387	540	39.1847384641	59.1358241303	73.3391481431	59.1358241303	2.635087499505482e-05	2.1923076923	1.0384615385	1.2307692308	0.8766025641	676	390	3	1
388	542	191.1031492617	327.1306098871	479.3360997108	330.1111018742	23.96314149	11.88	3.8	1.34	0.8436802291	10000	6800	3	1
389	543	636.8108203384	465.8361477678	1227.6449425487	322.9130361937	204.8341159548	70.6206896552	19.9655172414	1.6896551724	0.8587142236	841	609	3	1
390	544	706.6189891711	828.7942944076	1529.0523566495	661.0831777878	174.7670325159	17.6564417178	6.0981595092	1.3742331288	0.887240126	26569	18256	3	1
391	545	892.8568962036	753.3409011177	1397.1323901205	675.2767356867	132.53103125	6.4666666667	4.1333333333	1.2888888889	0.8996623328	8100	6390	3	1
392	546	645.0903734981	1053.6882803319	1765.0522189693	973.8790642879	129.338559423	20.3513513514	9	1.4324324324	0.9036779739	12321	8436	3	1
393	547	450.2839015803	945.4424912761	1308.9562783966	896.0563836091	59.1354363009	16.1739130435	5.0724637681	1.1739130435	0.9248183674	4761	3726	3	1
394	548	0	40.6309588815	40.6309588815	40.6309588815	0	1	1	1	1	9	9	3	1
395	550	0	21.6418889619	21.6418889619	21.6418889619	0	1.8	1	1	1	25	15	3	1
396	551	814.4843451189	1178.615079962	1822.9625249595	1147.9616062334	152.4842515367	28.5869565217	10.0217391304	1.6086956522	0.7652167566	2116	1564	3	1
397	552	478.3193819206	822.7923312961	1333.9082595638	751.5586483593	134.5773338723	24.8181818182	7.9090909091	1.4318181818	0.8123571768	1936	1760	3	1
398	553	716.6047608613	549.0054589499	1241.8273249577	471.8112857131	121.4119442677	27.8534482759	8.224137931	1.3965517241	0.87112224	13456	9744	3	1
399	554	27.4814003826	156.2924511365	175.2980651617	158.3948265195	0.9275168004	2.3846153846	1.1846153846	1.2923076923	0.9108376068	4225	2860	3	1
400	555	1869.5780791525	1276.7265797598	3206.9627466491	1161.0744326243	439.0601818871	89.8125	34.25	2.3125	0.8316489288	256	256	3	1
401	556	675.4421605932	541.743249889	1238.5638945621	519.0291849698	139.2327967668	64.03125	18.09375	1.5	0.8971333762	1024	736	3	1
402	557	227.1652483875	471.2176772142	651.7791237694	437.9063619417	21.0077404206	3.1339285714	1.9910714286	1.1517857143	0.9469963932	12544	9632	3	1
403	558	716.924823607	977.2469785787	1794.2145781104	954.3875075898	275.0095996554	72.6363636364	21.3409090909	1.8409090909	0.7985421959	1936	1276	3	1
404	559	919.3965790004	954.6925787417	1825.9373365461	826.7736658518	191.3922308918	3.7254901961	1.4509803922	1.568627451	0.8425968478	2601	1683	3	1
405	560	189.7182498384	253.0549341121	490.7272169381	241.2093372385	80.0028925346	10.2142857143	5.8571428571	1.3571428571	0.8929267105	784	560	3	1
406	561	0	57.2712742171	57.2712742171	57.2712742171	0	2.8571428571	1	1.4285714286	0.8214285714	196	98	3	1
407	562	469.6113646189	1756.9609350058	2401.2863326474	1715.3766254922	172.8433793741	31	12.4423076923	1.7115384615	0.8282799171	2704	1820	3	1
408	563	318.1550544004	251.7355537306	694.3722811897	157.9490118357	52.9048993042	13	4.2826086957	1.2391304348	0.9050640326	8464	6164	3	1
409	566	0	22.9044051469	22.9044051469	22.9044051469	0	1.9090909091	1	1	1	121	77	3	1
