Index	HEX_600	04_HEX_weighted_average_distance	04_HEX_weighted_mean_home_distance	04_HEX_weighted_max_home_distance	04_HEX_weighted_median_home_distance	04_HEX_weighted_radius_of_gyration	04_HEX_weighted_num_reporting_2015	04_HEX_weighted_HEX_coverage	04_HEX_weighted_subject_coverage	04_HEX_weighted_subject_hhi	04_HEX_total_reporting	04_HEX_total_user	user_type	reporting_level
0	8	6222.8199903632	5947.1896143549	15420.9872577279	5392.0231111114	2275.2352884823	86	68	6	0.2752839373	4	2	1	2
1	9	473.1536904238	366.8727716082	758.4270116027	299.8768308325	127.4862137352	3.6842105263	1.2631578947	1.5263157895	0.6959064327	361	133	1	2
2	10	433.3882261215	468.8145683349	1195.4327857269	322.1810769333	92.6422977254	4.5555555556	1.4444444444	1.6296296296	0.6856483581	729	270	1	2
3	11	246.0203717265	373.5008553155	517.1038571592	424.5084209692	127.0688727368	6	3	2	0.5555555556	4	2	1	2
4	13	1503.6690689393	1455.8282404244	3280.6681705451	1545.5256718123	387.7638857427	17.8333333333	13.5	2.8333333333	0.5992139895	36	18	1	2
5	14	1666.6404616821	4565.4718761047	6521.1837824334	4464.3414372141	594.1621369158	12	8	2.25	0.5643335766	256	176	1	2
6	23	269.6391895199	183.6996003471	528.8320835117	96.0414242571	64.8757049791	3.6176470588	1.2352941176	1.3823529412	0.7217810458	1156	442	1	2
7	24	706.1416812771	738.8208564319	1515.2069535505	801.2345554095	149.7565337658	9.3055555556	3.5277777778	2.3333333333	0.6363162392	1296	504	1	2
8	25	376.7358727933	2006.9808329733	2392.2036200064	1867.5946312828	115.4273079676	6.2244897959	1.693877551	2.2857142857	0.6074086222	2401	637	1	2
9	26	325.6281833183	2706.9922195568	2899.9555721387	2691.2881248472	156.650532721	6.2	2.8	2.4	0.4955833333	25	15	1	2
10	29	4136.4723008144	2504.5935469838	8121.0930373482	941.6823329255	1592.9339186872	7	3	2.3333333333	0.5008333333	9	6	1	2
11	30	1012.6736592209	2349.948165558	3911.7610568113	2257.9723259238	372.5764506787	7.6666666667	5.5	2	0.3860459184	36	30	1	2
12	31	388.5115199426	409.0805147711	704.139811536	437.9487727445	117.7054550338	4.84	1.8	1.8	0.6927550412	5625	2025	1	2
13	32	113.531858816	381.9572312077	490.8994692455	369.607801053	48.688018536	4.3278688525	1.2950819672	1.6229508197	0.6765163934	3721	1220	1	2
14	33	1063.3749319146	2208.3991861025	3156.1985332002	2448.7597208986	592.5821718557	5.8125	3.5625	1.5	0.8459998583	256	112	1	2
15	34	5823.3707432881	4479.5243769951	14325.1707411621	2716.4430618088	2435.6068952402	46.5	35.5	4.5	0.2804991115	4	4	1	2
16	36	181.7575877047	145.0497280178	369.3560343048	110.8215905	65.5845119304	15.781512605	1.6974789916	2.3445378151	0.7534962592	14161	2975	1	2
17	37	600.7642602341	573.6578812578	1145.7004348546	474.9312156816	95.8040507543	6	1.5606060606	1.803030303	0.6615904331	4356	1452	1	2
18	38	493.1202493683	523.0575233421	1096.4070028894	483.8207012769	200.5992639604	12.9117647059	2.4411764706	2.3529411765	0.5975506327	1156	374	1	2
19	39	576.1470559204	462.9566662279	966.4047207663	287.0315724815	89.0345608127	4.15	1.45	1.65	0.6109027778	400	160	1	2
20	40	460.7143683403	256.6157633299	869.0204915653	47.0245013795	152.6692114893	4.25	1.875	2.25	0.55	64	32	1	2
21	42	0	11.575169622	11.575169622	11.575169622	0	3	1	2	0.5555555556	9	3	1	2
22	46	847.7932803962	791.6245140562	1752.3124446775	565.2103876254	277.7421556725	7.4923076923	3.2769230769	1.8	0.6838922856	4225	1690	1	2
23	47	559.2965000875	396.6516114843	960.7831574586	251.6907499821	102.1607955909	5.8228571429	1.7257142857	1.7885714286	0.6882087629	30625	10500	1	2
24	48	1028.247472355	1816.4541764401	3095.6265569336	1668.5097558859	495.1498287856	6.8666666667	3.0666666667	1.3333333333	0.8947294552	225	120	1	2
25	50	342.5486771121	320.1210643693	657.5373258675	355.6700784778	100.4694263798	13.1935483871	1.9677419355	2.8709677419	0.5787115416	961	279	1	2
26	51	304.0772530707	242.6631923304	671.8671336459	187.7636849149	101.2426016243	22.1319796954	2.2893401015	2.345177665	0.7523774187	38809	8865	1	2
27	52	287.5019623584	170.8590709245	669.0635959805	42.7245011417	53.1936944945	14.8636363636	2	2	0.7415566252	484	220	1	2
28	61	852.0864038539	1236.7186727342	2010.5856416223	1314.769946043	254.6091218843	5.8235294118	1.9411764706	1.8235294118	0.5393415805	289	170	1	2
29	62	1189.2140209799	962.7538349331	2759.933641861	766.3737333785	383.7865737487	12.2380952381	6.6666666667	2.5714285714	0.455038065	441	231	1	2
30	64	507.4058024451	286.7664158506	793.9030173026	33.1981151245	0.0044901019	3.5	1.125	1.5	0.7777777778	64	24	1	2
31	65	402.2321561908	556.3697053719	1814.2924861512	460.1854061923	238.1672171506	40.6351351351	4.6351351351	3.4121621622	0.45718881	21904	4736	1	2
32	66	245.4675883718	416.3520739268	1037.4063608747	332.0033427168	99.0922556084	15.8970588235	2.2058823529	2.5	0.5838144061	4624	1564	1	2
33	73	711.2095718416	775.467348383	1840.6552085282	707.9357826997	254.0978004309	12.6666666667	8.5555555556	1.7777777778	0.845401919	81	36	1	2
34	74	526.1117554268	809.2044667109	1205.3083896205	891.4646190655	237.0083592263	7.625	2.125	2	0.73359375	64	16	1	2
35	77	2602.5086940845	3116.3826042567	9729.9840199614	2387.4355275578	1095.2534273376	38	18	3	0.5609418283	25	5	1	2
36	78	265.9610477336	396.9845839155	947.0120419252	327.6303327369	98.5089499567	9.1785714286	2.4285714286	1.6071428571	0.717228988	784	252	1	2
37	79	1052.8494130731	1034.9638714001	2030.3871205895	1223.0241897689	272.1050687796	7.7076923077	2.8153846154	2.2	0.5845184002	4225	1495	1	2
38	80	627.1011133864	552.2820582507	1203.4944915778	445.242785601	162.2125315595	7.6780487805	2.443902439	2.1902439024	0.5551925243	42025	13530	1	2
39	82	2093.7749929128	1797.7239603829	4008.8601077525	1568.6399022398	685.4016828333	13.6363636364	10.3636363636	2.6363636364	0.5329438821	121	110	1	2
40	83	462.4864455698	356.1801830812	937.4723739303	268.236141092	135.5292802662	24.8636363636	3.0795454545	3.4886363636	0.4836393262	7744	1848	1	2
41	84	429.8038900655	324.7422219933	910.1899435408	202.8455381557	161.5716966318	19.8857142857	3.2857142857	2.8285714286	0.6300668544	1225	420	1	2
42	92	30.9337219627	51.1874894021	66.3442634905	51.1874894021	3.519862321287417e-05	4.2727272727	1	1	0.898989899	121	33	1	2
43	93	1581.2245281514	7155.5198791111	8798.3839443355	7557.0839874067	455.6124772304	18	13	4	0.2561728395	1	1	1	2
44	94	66.9400416462	82.5596979124	122.383162649	70.7178581249	0.0003491701	3.5882352941	1.1764705882	1.7058823529	0.722875817	289	102	1	2
45	95	1718.9404587995	1476.1924496109	3570.5751285224	1293.5106630728	729.1493039007	19.6666666667	9.4444444444	3.6666666667	0.400160674	81	45	1	2
46	96	526.5206550185	292.8363077182	855.7940161629	40.5179316667	5.837583123	3.5652173913	1.2608695652	1.6956521739	0.5592995169	529	230	1	2
47	97	557.3341818643	535.1051927854	1287.6848357675	534.5576836105	185.9638249531	7.4534883721	2.7558139535	1.9534883721	0.7090700083	7396	2666	1	2
48	98	869.5870803235	595.7943510988	3374.0697114178	370.9764207765	773.2867253463	13.0487804878	4.3658536585	2.8536585366	0.5977068838	1681	533	1	2
49	101	501.1150111764	384.7467700819	1384.2721914011	233.3319076091	222.9994103252	10.0419354839	1.7774193548	1.9419354839	0.7006345473	96100	25730	1	2
50	102	1068.4687535843	1290.9511530371	2834.220739981	1171.8921847404	386.8649339109	8.0129032258	2.9096774194	2.0387096774	0.6762516185	24025	7285	1	2
51	103	2046.2903383434	2114.9279102158	4876.5004716395	1847.4622151624	723.4044525083	20.5	5.0263157895	2.8157894737	0.429251097	5776	3496	1	2
52	104	1286.0702083745	1160.9764065037	2694.8160144576	935.2409499137	372.8643114552	10.4210526316	4.3157894737	2.1578947368	0.69059523	1444	684	1	2
53	114	266.8127717442	810.0598370231	1017.6725780851	837.3533110103	63.3428431822	7.6666666667	3.3333333333	1.7333333333	0.8121212475	225	90	1	2
54	115	278.4301120959	182.1345126269	441.6243087844	75.5181512809	10.43459509	9.1549295775	1.3943661972	2.1830985915	0.6879275175	5041	1207	1	2
55	116	551.9628407939	1204.4896518626	1800.3269440915	1038.9286120986	87.6925944173	6.0862068966	2.5172413793	1.8793103448	0.6903149884	3364	1160	1	2
56	117	882.2056554648	944.1231252597	1648.403188943	895.3863291393	58.0729254698	6.1818181818	2.3181818182	1.6818181818	0.785993592	484	220	1	2
57	118	403.9892109685	390.2138597579	874.0540643712	313.1649489208	120.976313046	5.5573770492	1.8032786885	1.6885245902	0.713325718	3721	1220	1	2
58	119	623.9746347694	576.7528835194	1236.8096382746	489.5169468208	228.567837897	11.0615384615	3.9076923077	2.6307692308	0.6144315763	4225	1365	1	2
59	120	160.1292033184	224.007891969	349.361784071	226.8124986963	52.5466537193	7.3846153846	2.3846153846	1.641025641	0.8156997285	1521	546	1	2
60	121	970.5599094689	2615.6615284001	3746.3292237516	2453.1751574755	575.0886692962	19.8918918919	3.0810810811	2.5540540541	0.5694909261	5476	1184	1	2
61	122	739.4330591158	1396.0893489329	2263.9762861535	1352.784031457	265.8294139893	11.7142857143	5.8571428571	2.2857142857	0.7343074351	49	35	1	2
62	124	4272.2930217015	3876.3224290151	7700.6762932504	4204.3125612273	1119.3714180039	25.75	19.5	3.5	0.4533695954	16	16	1	2
63	128	347.5707744494	259.1624659135	860.6426862398	178.2917371746	165.6649883267	15.7307692308	3.1538461538	2.75	0.5709675921	2704	884	1	2
64	129	282.8175008914	296.2044952581	669.0617328432	264.9747767727	88.8789764043	14.7289719626	2.1962616822	2.3457943925	0.6362495715	11449	3424	1	2
65	130	724.9924463084	718.057360811	1715.639740477	712.0400830562	170.4567295168	9.6538461538	2.6794871795	1.9615384615	0.7120247357	6084	2184	1	2
66	131	335.1458497027	680.7102170904	1039.3171901088	695.8441497848	124.5459801046	6.5666666667	2.1666666667	1.8	0.5946411023	900	390	1	2
67	132	1819.4827636396	1937.0373622588	4643.8334012251	1665.32100753	703.4125266778	31.3888888889	7.0555555556	2.9814814815	0.4371428739	2916	1242	1	2
68	133	2380.4921287813	1922.581930486	4836.7747313315	1528.6115549871	780.9820650019	14.5	3.6111111111	2.7777777778	0.4382507994	324	234	1	2
69	134	803.2808155165	649.7320205235	1707.5373951878	499.4475083099	236.9977663576	7.3636363636	3.8181818182	2.3636363636	0.4427118834	121	77	1	2
70	135	286.6090842724	293.3473384243	871.9270816178	289.4197746744	173.6023923022	6	2.25	2.25	0.5288888889	16	8	1	2
71	146	26.2691046328	74.5547637608	90.174731011	73.0498740589	0.6684771073	4.7368421053	1.1052631579	1.5263157895	0.8315789474	361	95	1	2
72	147	714.9979888959	1002.7573405592	2166.9296738203	813.1422678752	338.7898766313	10.5862068966	3.4137931034	1.9310344828	0.7182275518	841	406	1	2
73	148	867.137549822	1116.9988652768	2297.7259422	968.7157301231	374.5952083498	10.756097561	4.2926829268	2.2926829268	0.6345485465	1681	615	1	2
74	149	581.3101609451	643.0113113748	2034.1962214735	509.0811601681	392.5076914116	6.8611111111	2.3888888889	1.7222222222	0.8004216451	5184	1584	1	2
75	150	506.9382722646	825.9417659815	1601.662914272	869.5647563161	203.0436712717	8.0149253731	1.9104477612	2.3432835821	0.640034522	4489	1273	1	2
76	151	773.0497930776	922.6087199801	1720.4288244616	875.9658148339	312.2120816709	9.3333333333	3.7222222222	2.2777777778	0.7069320353	324	180	1	2
77	152	709.9777507236	626.8547083545	1812.0613541288	434.4422990425	318.4461129572	9.75	4.0714285714	2.3571428571	0.619544214	3136	1176	1	2
78	153	1231.7250408434	1274.1510415795	2578.0157115791	1201.8024235036	291.0647435298	11.4166666667	4.7916666667	2.7916666667	0.487251201	576	288	1	2
79	154	3764.1412168107	2559.1141462418	5496.8171181761	2893.696004244	362.2270092706	4	2.25	1.75	0.65625	16	12	1	2
80	156	3224.615092336	5630.3230554296	7498.5553586409	7485.8550647294	5.4215005132	8	4	3	0.59375	25	5	1	2
81	157	374.1536226374	464.4987922898	897.9155394538	390.0129629256	135.9018992481	4.3214285714	2.0357142857	1.7857142857	0.7344196429	784	336	1	2
82	158	416.394340918	388.4981398945	1109.6430775442	304.714853482	197.2104241665	23.8333333333	6	3	0.393310548	36	18	1	2
83	159	525.5530351912	819.0335284956	1477.0761480843	743.830860865	123.9054684392	11.78125	2.53125	2.40625	0.6244516828	1024	384	1	2
84	160	558.2633494922	678.4480500246	1496.6312527732	606.4668189182	198.4459028534	13.4935897436	3.6025641026	2.2243589744	0.670285984	24336	7956	1	2
85	161	874.7735174729	1051.3360767438	2401.5001279412	952.9969913816	345.6414420887	39.5333333333	6.5047619048	3.9142857143	0.5383607169	11025	3045	1	2
86	162	934.1489318581	944.2038251489	2295.9779684601	787.8472813226	334.3776265129	17.8875	5.2625	2.5875	0.6062485421	6400	2800	1	2
87	163	535.8520741087	596.0026826397	1193.9198617207	505.621872957	180.2115247053	12.7372262774	2.3430656934	2.1459854015	0.6429494599	18769	4658	1	2
88	164	1186.8230910304	842.7142453222	2406.9839934746	588.255642786	366.5986515285	25.7346938776	3.9387755102	2.2040816327	0.6722923624	2401	1029	1	2
89	165	2092.1499763785	1743.1486145495	3640.9670690534	1585.8972197312	550.9229986207	12.3125	7.375	2.25	0.6416332939	256	144	1	2
90	166	725.3466895295	2705.3120143509	3824.0833681628	2583.0615073794	243.8128558983	11.2777777778	6.1666666667	1.8333333333	0.756456987	324	162	1	2
91	167	1547.5645702125	1672.6729427773	2983.5516853013	1448.1337278472	473.5042888303	4.5	3.5	3	0.3075	4	4	1	2
92	168	1405.7340665686	1246.5581325175	2081.6151684127	1619.0823206771	339.3158952968	3	3	3	0.3333333333	1	1	1	2
93	177	878.7654448733	535.6993469527	5163.1049544062	153.1456816537	1197.1541530603	22.0208333333	3.75	2.8333333333	0.6418334198	2304	384	1	2
94	178	711.5673874499	681.6327767015	1479.2751570934	996.6715914532	123.0317022595	6.8148148148	2.4074074074	1.8888888889	0.7392278381	729	297	1	2
95	179	510.1898455321	484.1742550535	1915.9683723101	325.9870043594	371.9276585559	8.8636363636	2.5454545455	2.1363636364	0.6756119746	1936	616	1	2
96	180	323.544283796	396.6720482349	701.9377341234	476.2747688481	68.3293336425	7.25	1.6818181818	1.8409090909	0.7295142138	7744	2112	1	2
97	181	867.1958386448	978.81214271	1722.3195870209	1018.7598683066	251.28052702	5.76	1.88	1.6	0.6729605442	625	200	1	2
98	183	1950.1393043746	1656.1164749224	5123.8785833826	1258.1697240991	934.129896447	24	7	3	0.5333333333	4	4	1	2
99	184	2126.0893189437	2232.1639488534	4993.7989225588	2038.0481436248	792.1473887735	9.4	3.4	2.15	0.617625	400	240	1	2
100	185	816.2800465567	976.7815007178	1737.1869670547	980.1490317611	266.000155443	8	3.75	2.4583333333	0.5962731481	576	240	1	2
101	186	683.3915851072	524.5427825184	1251.8920801902	400.8126487612	259.1607778452	6.4666666667	2.5333333333	1.8333333333	0.6688586861	900	450	1	2
102	187	501.7818305363	500.4048459945	1027.4146759049	440.1565492827	137.2757249308	8.4065934066	3.3736263736	1.6813186813	0.7522324389	8281	3094	1	2
103	188	282.5468922478	247.2452322957	808.0140354777	173.3086799894	151.4339402281	19.442687747	3.7865612648	2.628458498	0.5961878045	64009	16192	1	2
104	189	517.4374547941	587.1975003123	1380.3720115118	415.9757572249	159.4076963305	31.5431034483	3.8318965517	2.3534482759	0.628188224	53824	14152	1	2
105	190	284.4118220385	351.0493013432	886.5041770737	287.6398913831	141.432524817	26.6851851852	3.8333333333	1.8796296296	0.709252584	11664	3456	1	2
106	191	1933.6619777103	1054.6661702426	5054.2998674811	152.7881869012	748.4773908676	5.3333333333	2.6666666667	2	0.68	9	9	1	2
107	192	947.0407880775	1204.390576169	2206.2547514175	1251.7339092384	292.9600988811	11.5833333333	6.9444444444	1.9722222222	0.6464799477	1296	468	1	2
108	193	1975.5065275248	2017.6890971099	5108.3967415369	1843.2515959597	739.4529175686	11.3333333333	9	2.3333333333	0.400888133	9	6	1	2
109	194	4387.4001758733	3105.6041608695	9241.3628747318	1446.4515107548	1262.4812351868	20.5	10.5	2	0.7804709141	4	4	1	2
110	195	2602.5086940845	3116.3826042567	9729.9840199614	2387.4355275578	1095.2534273376	38	18	3	0.5609418283	4	2	1	2
111	203	411.1255588903	385.6697996602	1362.673836798	295.1359225633	263.9199238452	9.7058823529	3.1176470588	2.8235294118	0.5363369355	289	153	1	2
112	204	1276.869642562	2238.9154419509	4101.5043709638	1916.0465546407	483.4649874303	14.1379310345	4.5517241379	2.9885057471	0.572650413	7569	2088	1	2
113	205	591.9703074611	310.5668198095	870.1018967515	35.338222648	13.0352523675	4	2	1	1	9	6	1	2
114	206	2083.7681051321	2034.1357432904	4448.1397871048	2470.8195739568	723.0787096887	10	7	3	0.54	1	1	1	2
115	207	2173.1153079581	1645.3867926902	5342.0036600654	1061.7654699829	709.289332547	17.24	6.36	2.72	0.5151130862	625	350	1	2
116	208	1171.7989111509	823.3038060104	2531.0742371804	521.4855200005	378.9268239839	17.1764705882	5.2352941176	2.5294117647	0.5079802754	289	153	1	2
117	209	840.878173892	661.7683145146	1567.9471956111	466.8702800227	292.1854664142	11.375	4.3125	2.375	0.6157002905	256	128	1	2
118	210	1464.0000011853	1359.6376526913	2723.3453269705	1303.6347946767	425.830182577	9.1923076923	3.8076923077	2.2692307692	0.578355573	676	338	1	2
119	211	508.229468559	422.2397704567	936.8416525398	339.1226919958	164.1902680975	7.1782178218	2.6831683168	2.396039604	0.5644550685	10201	3737	1	2
120	212	509.0749053762	498.813969028	1262.1810811887	429.4500176812	198.4643899913	31.7384615385	4.2205128205	2.4102564103	0.5723795758	38025	10920	1	2
121	213	436.8443426677	788.7762835865	1339.8122401709	752.05878796	182.3709381756	27.8333333333	3.8666666667	1.8666666667	0.7290940113	900	390	1	2
122	215	798.5981531382	1497.7838254364	1968.3313617677	1605.2114107926	240.121010174	5.0434782609	1.9565217391	1.8260869565	0.7258454106	529	253	1	2
123	216	564.5900521721	490.1677593294	1094.5916888731	419.2957416081	213.2588222025	6.0485436893	1.7475728155	2.1553398058	0.6135165813	10609	3605	1	2
124	217	352.6319854106	282.1654285092	875.8703117081	175.4935095435	148.619199956	8.0989010989	1.8901098901	1.9450549451	0.6979553571	8281	2639	1	2
125	218	972.8369863859	805.5096810923	2594.2446991437	483.8652468223	386.5945068695	14.6964285714	5.6607142857	2.5178571429	0.5130478752	3136	1120	1	2
126	219	503.8317341738	380.3466274625	1026.6790676877	237.2740843745	92.794103336	5.4489795918	1.9795918367	1.7755102041	0.6466403208	2401	980	1	2
127	220	509.1637621879	479.6843682013	894.5566687596	480.7680755192	174.0895539508	3.9523809524	1.380952381	1.7619047619	0.5644444444	441	189	1	2
128	225	10.2245198242	152.2189751781	153.7194262345	153.7194262345	2.5357087858018145e-08	3.5714285714	1	1.5714285714	0.7857142857	49	14	1	2
129	228	942.7009967506	745.8622989221	3395.886102173	466.4209680607	578.4715440392	17.875	4.4166666667	2.0416666667	0.6379152112	5184	1656	1	2
130	229	840.6799807156	651.6643166015	2835.7000863658	415.5080753218	480.606542842	15.619047619	4.8412698413	2	0.722498928	3969	1386	1	2
131	230	326.2282503067	337.7719137856	836.2804055209	284.3892206258	146.5468431961	6.6785714286	1.8214285714	1.6666666667	0.7187227557	7056	2268	1	2
132	231	892.8474271355	1004.9985424128	1767.2017878453	1076.3374807225	194.9390889901	5	2.6818181818	1.7727272727	0.7711560045	484	242	1	2
133	232	562.4710043658	425.1986149319	1212.8021590403	307.2781821454	127.5729562385	10.962962963	3.1666666667	1.7962962963	0.7941109041	2916	1026	1	2
134	233	1802.0411311019	1373.6741484277	3169.6460616072	1006.5615195383	470.7299561944	14.4137931034	3.1724137931	2.3793103448	0.5369094953	841	493	1	2
135	234	1817.7382170349	2101.9118597984	4131.4865312913	2108.7957631217	612.3931512875	24.6363636364	12.4090909091	2.6818181818	0.5650370303	484	308	1	2
136	235	1425.2348025495	2329.5993821214	3294.2849712227	2484.3422157225	734.9766773061	31.2	4.6	2	0.6859567901	25	10	1	2
137	237	64.7616084124	55.3248594135	131.2599319172	40.7165672918	10.1909791349	4.223880597	1.1343283582	1.776119403	0.6500775248	4489	1608	1	2
138	238	288.6248303925	199.9931446634	545.2452643695	124.0264868153	80.3734078839	9.4956521739	1.3913043478	1.7565217391	0.7104887417	13225	3680	1	2
139	239	178.0244147334	137.6021764794	490.2689543203	97.0919935064	91.783416913	42.9943181818	2.9829545455	3.0681818182	0.6900007163	30976	5632	1	2
140	240	190.3947831314	150.2344632271	392.834545894	84.1161323189	32.6356042818	6.3023255814	1.488372093	1.7558139535	0.6247776198	7396	2752	1	2
141	241	236.2948189374	180.6681666055	604.8180008539	122.201530072	111.4685998543	5.0875	1.225	1.875	0.6357554563	6400	1920	1	2
142	248	1418.5871038679	1085.9279722734	3593.226415551	607.4372231527	249.0343276078	9.3333333333	3	2.0666666667	0.4581319444	225	90	1	2
143	249	287.450606505	429.9235093711	722.2385804238	372.9623222631	63.4397817367	5.2	2.08	1.4666666667	0.7596815636	5625	1875	1	2
144	250	1131.5642185528	987.057647436	2360.7867598106	913.4760664107	304.2508767046	11.3333333333	6.4333333333	1.8666666667	0.6877006421	900	480	1	2
145	251	374.9302495439	304.2820370538	814.4418659725	203.9425099789	129.9047091112	6.2444444444	1.6	1.8148148148	0.7128326128	18225	5535	1	2
146	252	632.7907751253	681.491875921	1739.0083533415	597.680751469	264.509953976	6.7625	2.05	2.5625	0.5080785351	6400	2000	1	2
147	253	636.2562429348	630.0035052706	1191.78750189	737.7569077205	134.0358402433	4.8305084746	1.8305084746	1.5254237288	0.7836436499	3481	1357	1	2
148	254	473.4025455579	380.1440927412	833.5686211941	283.2518938977	86.4928120781	5.0694444444	1.5138888889	1.9861111111	0.6543177989	5184	2016	1	2
149	255	397.6877011698	478.2620682294	831.8320252147	634.3613658994	78.1596933876	6.8205128205	1.4743589744	2.2948717949	0.5795120563	6084	1560	1	2
150	256	228.1619021507	158.5230333732	370.4969043344	57.5780838132	95.8715685248	8	2	3	0.34375	9	3	1	2
151	257	386.1144043024	394.5974686062	666.7453301468	385.717754505	90.9944720086	4.0217391304	1.3043478261	1.6956521739	0.6941425121	2116	736	1	2
152	258	264.118461089	536.4443771279	773.0225114904	492.7081616067	69.0898408036	8.1714285714	1.1428571429	1.8	0.615345805	1225	315	1	2
153	260	3923.3215655731	3458.9296882962	5051.9537136326	4251.4078928408	752.6343034367	3	3	1	1	1	1	1	2
154	271	341.9865306126	415.0152537457	676.1073966244	393.0131765086	25.5550928001	3.7692307692	1.3076923077	1.2564102564	0.8305982906	1521	585	1	2
155	272	722.5557854839	580.9493441268	1767.0089655914	367.7472652233	230.2601018101	9.0384615385	2.7	2.0692307692	0.7073299241	16900	5330	1	2
156	273	617.6239616777	492.6657989271	1837.5510154834	511.1019977001	215.9193405859	10.9333333333	1.6888888889	2.5888888889	0.5771426695	8100	2340	1	2
157	274	1132.0503881186	1428.6345165841	2846.7153714874	1052.7015765732	315.6278641589	7.7	3.75	2.6	0.4882988372	400	240	1	2
158	275	408.124587712	351.4524090736	808.2600597299	241.9398405015	120.2044854098	4.027027027	1.5405405405	1.5	0.784127448	5476	2220	1	2
159	276	811.2333119481	589.3552488311	1934.5727446087	358.0491132326	249.2673069304	5.6631578947	1.8842105263	2.1789473684	0.6894369061	9025	3325	1	2
160	277	395.3300985481	272.8577724947	864.1431845465	144.056590964	141.1951850207	6.1209677419	1.7419354839	2.0161290323	0.6294269005	15376	5084	1	2
161	278	439.6257218697	414.1267559055	794.2956854013	366.1364745737	106.1578496972	5.4285714286	1.9350649351	1.2727272727	0.898715968	5929	2156	1	2
162	279	247.1410188814	490.8373534266	763.3555569061	430.5992897546	60.3994880374	6.21875	1.390625	2.078125	0.594779445	4096	1216	1	2
163	280	495.1505437197	589.1509935773	1063.5630705925	472.8331277873	99.8133272817	5.5616438356	1.6164383562	1.7260273973	0.7186534563	5329	1971	1	2
164	281	387.3185910096	1100.5394184482	1465.8632353062	1082.3398501358	65.2346206755	5.3673469388	1.8979591837	1.6734693878	0.738546439	2401	882	1	2
165	282	2992.1699915739	1498.5251561317	4472.1197869758	13.0015329476	703.83621048	3	2	2	0.5555555556	1	1	1	2
166	283	0	6.7904303553	6.7904303553	6.7904303553	0	4	1	2	0.125	4	2	1	2
167	294	320.5241032031	259.8778560684	425.67884082	340.5748734555	11.1908135377	4	1.6	2	0.4503472222	25	15	1	2
168	295	55.7714173503	71.387194323	73.3837969692	73.3837969692	8.257156823887614e-05	4	1	2	0.625	16	4	1	2
169	296	349.785228299	310.5752820809	617.3795754464	282.3905458915	71.0645375058	6.6470588235	1.3529411765	2.0882352941	0.6540812143	10404	3060	1	2
170	297	587.2246090279	645.060739275	1353.1778651364	563.1674071303	145.9458852304	9.8607594937	2.8101265823	2.0253164557	0.6652940579	6241	2212	1	2
171	298	411.3484513166	347.410277693	938.1817471089	293.0589573791	77.4865365756	6.2678571429	1.6428571429	1.9107142857	0.6659650606	12544	4816	1	2
172	299	666.0634062062	425.8715544756	1091.3886088631	194.0162690542	157.771320511	6.3333333333	2.2	2.0888888889	0.7091622732	2025	855	1	2
173	300	439.5467635391	412.7063091261	1006.4614676393	347.9013622191	167.9266230422	5.976744186	2.1860465116	1.988372093	0.6150497021	7396	2752	1	2
174	301	338.5108304785	795.3368317239	1326.713359241	765.6678238361	137.2496074579	5.5108695652	1.8586956522	1.5652173913	0.7723862516	8464	3220	1	2
175	302	496.290819699	405.9857441571	1101.8013497935	304.3237202535	189.7810887696	5.4871794872	2.4358974359	1.4871794872	0.8489657892	6084	2340	1	2
176	303	633.1943620573	816.0146045832	1895.4798457823	635.1390234224	261.2597834186	8.3406593407	1.7802197802	1.8241758242	0.6474238164	8281	2821	1	2
177	304	223.6479658878	297.0218632076	523.9660677348	252.357595057	54.1520104819	10.0458715596	1.6146788991	1.9357798165	0.698414112	11881	3052	1	2
178	305	517.7237637989	365.3065960997	934.2507957799	210.8818758431	148.3828377563	4.5604395604	1.3626373626	1.6483516484	0.7145282941	8281	3003	1	2
179	306	978.5009731418	967.0013464802	1475.7111009323	1412.8437127246	233.995622682	3.6666666667	1.6666666667	1.1666666667	0.8854166667	144	60	1	2
180	307	1955.8825741164	1444.2230354302	3730.8401660904	428.5633718372	769.5884509817	6	4	5	0.2222222222	4	2	1	2
181	308	0	167.0766624121	167.0766624121	167.0766624121	0	5.8	1	1.6	0.8	100	20	1	2
182	317	367.4795031653	214.9110963534	379.5565797582	221.3366178755	11.260040097	5	1.4	1.2	0.7942143327	25	15	1	2
183	318	242.4464589274	190.550069659	486.3748055494	83.3928866833	75.2549416777	6.8857142857	1.4571428571	1.4285714286	0.7996055227	1225	280	1	2
184	319	909.8663909479	1567.128644905	3091.110475319	1426.1777521346	411.2885753338	10.2777777778	3.6851851852	1.962962963	0.7029692372	2916	972	1	2
185	320	764.7015668136	555.9018210188	1651.2596972795	349.4378671364	185.3188832564	7.7575757576	3	1.9242424242	0.7006021447	4356	2046	1	2
186	321	406.8664105935	275.6777183493	870.9517885758	132.6192563446	145.8473736066	14.2738095238	2.7142857143	2.2023809524	0.7074708934	7056	1680	1	2
187	322	486.7578557345	335.3029406061	1023.6883397568	160.5899178518	141.509132428	8.625	2.3888888889	1.9722222222	0.6733580327	5184	1656	1	2
188	323	510.6597801094	379.176401771	1019.1755350151	255.87244086	213.1981685847	12.4390243902	2.5853658537	2.9268292683	0.4963123487	1681	451	1	2
189	324	565.8914412672	395.1010448097	988.2272986425	262.1206498336	147.8882599859	5.186440678	1.6101694915	1.6949152542	0.7812909797	3481	1062	1	2
190	325	303.6122739484	217.8939066084	748.8454514176	104.7357106966	80.979948508	5.4509803922	1.5980392157	1.5490196078	0.7752990822	10404	3570	1	2
191	326	542.6821343456	455.6925840311	1636.350938644	260.8895643502	291.267451778	7.5102040816	2.5850340136	1.8367346939	0.7061218561	21609	6321	1	2
192	327	190.5312198624	184.2472100397	364.2363310889	151.7408140547	44.795648672	4.8111111111	1.3777777778	1.3666666667	0.8309772188	8100	2790	1	2
193	328	225.305893985	366.5625336587	556.0888187237	333.7205155638	54.8061426687	4.8584070796	1.3362831858	1.5044247788	0.7834304699	12769	3955	1	2
194	329	376.6455506837	481.2282784328	1390.9832844842	438.8123450561	201.8159972927	11.9829059829	2	1.8974358974	0.7006586342	13689	3510	1	2
195	330	411.8901103679	367.8763457234	958.3094540118	313.6766508682	80.7029439473	4.54	1.74	1.62	0.7365640377	2500	900	1	2
196	331	255.2383058982	323.9287596758	516.930439244	301.3024617844	76.672902764	6.6363636364	1.2909090909	2.2363636364	0.6378694427	3025	770	1	2
197	344	107.5404298673	89.6329347369	181.9512848067	70.2368887689	6.7202285628	5.2142857143	1.4285714286	1.2857142857	0.8525793651	196	70	1	2
198	345	60.2414084142	75.0205533704	115.6574959775	85.1286302953	2.767116736	5.4411764706	1.1764705882	1.9117647059	0.6793400694	1156	306	1	2
199	346	178.0939155115	809.6136988226	940.8004141968	830.5064568924	25.1612745666	5.275862069	1.3793103448	1.4827586207	0.7155771073	841	261	1	2
200	347	890.8525235474	1048.7023987792	1902.8260923221	952.698477999	273.2498406731	6.1276595745	3.1063829787	1.8936170213	0.6701620506	2209	987	1	2
201	348	332.7261133925	245.677334458	791.858723465	106.3676185229	133.3414481457	6.7659574468	1.7659574468	2.1276595745	0.6431729448	2209	611	1	2
202	349	243.5813509929	220.639232943	329.8477075297	286.6912141666	9.8018253548	3.5555555556	1.5555555556	2	0.3788580247	81	45	1	2
203	351	146.4420184322	208.690190123	340.2776315028	216.3217372252	44.9087338376	6.25	1.2	1.75	0.5966929012	400	120	1	2
204	352	304.8690044675	274.0656831544	597.9807952062	205.3284642022	73.5380843035	6	1.6474358974	1.7756410256	0.657311625	24336	7488	1	2
205	353	350.7005672011	325.8001897048	1159.0176493477	299.9263461909	181.1738121821	6.2935779817	1.6055045872	2.2201834862	0.6019830633	11881	3270	1	2
206	354	369.6492192411	254.7510028797	640.4224388884	122.3588877822	61.9727195957	5.1315789474	1.2280701754	1.4122807018	0.8394032867	12996	3648	1	2
207	355	709.2149016197	602.6199354496	1326.4368434598	569.7425421697	135.6641449	5.7846153846	2.5076923077	1.6923076923	0.7169408859	4225	1690	1	2
208	356	638.8234537026	876.500157593	2135.4873864601	639.9192961668	240.8023343823	11.0847457627	3.2203389831	1.7796610169	0.7510113903	3481	1239	1	2
209	359	1130.2190107466	664.9923082419	1098.1030402707	714.3741955411	453.14474285	4	3	2	0.5	1	1	1	2
210	360	1375.3412383137	1608.7321686383	2549.3545741272	1775.6905548807	398.539780035	8	4	1.5	0.3443877551	16	8	1	2
211	363	0	70.2065419598	70.2065419598	70.2065419598	0	3	1	1	1	9	3	1	2
212	365	502.260237702	353.1913654876	806.55738003	294.596058173	94.0788302773	4	4	2	0.625	1	1	1	2
213	367	746.7071251148	609.283441788	2214.8487842051	416.6031995718	345.8990296448	33.1403508772	4.0701754386	3.4385964912	0.3844681454	3249	741	1	2
214	368	1796.557614061	1306.4921079442	2789.1045380387	1214.1362043706	223.6180308635	9.6923076923	6.7692307692	2	0.4891244054	169	117	1	2
215	369	1215.2095367959	714.0338645376	2461.922066413	355.9861331977	400.3048630782	7.2666666667	3.0666666667	2.4666666667	0.6224383031	225	135	1	2
216	371	175.4501497662	121.6113113606	352.5508967906	28.0406750999	36.3192144112	9	3	3	0.5061728395	25	5	1	2
217	372	544.1976389092	431.1609951062	1083.38637179	327.9767688372	200.2180885709	5.95	2.36	1.96	0.6879846343	10000	3700	1	2
218	373	144.5086196732	204.1186650935	355.9775101474	175.5489883825	30.0614979617	6.1	1.3727272727	1.4363636364	0.8158373885	12100	3410	1	2
219	374	265.0483723812	413.0699190814	811.0794963563	330.2271015241	106.0290994627	4.2625	1.4625	1.7125	0.7002610544	6400	2400	1	2
220	375	536.3855448589	515.876321804	1071.9770642684	470.1500030133	108.8288356914	4.7023809524	1.619047619	1.5714285714	0.7553076014	7056	2940	1	2
221	376	606.7255126609	603.4679378944	2927.4326676013	448.2463286644	481.4086958043	25.7176470588	3.7294117647	3.3176470588	0.4967250191	7225	1785	1	2
222	377	899.717474858	641.6271220799	2726.2355960152	327.6718568062	411.8131288198	19.9705882353	3.7941176471	2.5588235294	0.5200386515	1156	374	1	2
223	378	0	41.1831045032	41.1831045032	41.1831045032	0	3	1	1	1	9	3	1	2
224	382	2775.8422008533	1552.4459151722	6674.8572924711	154.3177682992	785.9098683509	5.5714285714	1.7857142857	1.2142857143	0.9259259259	196	56	1	2
225	383	417.2660562589	463.2012281476	869.0946334125	481.4371103422	104.2600047316	3.5652173913	1.1739130435	1.8260869565	0.5083031401	529	230	1	2
226	384	396.675207522	513.5127697965	767.279863144	484.4459427461	116.2583008924	3.8333333333	1.2916666667	1.75	0.6422453704	576	216	1	2
227	385	373.9946411729	1321.7027965147	1745.8111094473	1222.0647422058	131.8734237723	5.3428571429	2	1.4	0.8452218983	1225	385	1	2
228	386	0	36.8528080302	36.8528080302	36.8528080302	0	3.9090909091	1	1.2727272727	0.8787878788	121	33	1	2
229	387	359.1115865651	235.2478071162	960.2960355192	92.32207679	198.1132188687	4.375	1.5416666667	1.6666666667	0.742154195	576	192	1	2
230	388	1397.1475789855	1483.2904279527	2507.0763175584	2346.767900228	43.1061419	7.7142857143	2.2857142857	2	0.735625	49	21	1	2
231	390	518.592528646	440.3693485683	873.4077087572	536.1713875018	60.7826995032	4.1081081081	1.5405405405	1.7297297297	0.7009947447	1369	518	1	2
232	391	412.3635368501	464.0109101018	1342.5666713273	306.2326562869	234.0032346926	16.3611111111	2.3472222222	2.5833333333	0.5544908664	5184	1224	1	2
233	394	965.0313552759	3482.9135051142	4317.5343553737	3788.5484055954	247.370476887	8.5555555556	3.2222222222	2.3333333333	0.5267699506	81	63	1	2
234	395	137.9347181264	205.4810442269	474.7438413643	153.5138649888	36.4245871042	4.6444444444	1.4666666667	1.8444444444	0.622207315	2025	765	1	2
235	396	198.2282443944	158.3289160719	489.8013140933	107.1633776865	56.9968679453	5.380952381	1.2857142857	1.5119047619	0.7423688553	7056	2100	1	2
236	397	465.9132194768	341.0519707647	989.8525436165	226.6822986115	122.9666583162	7.010989011	1.7692307692	1.8351648352	0.6061732927	8281	2730	1	2
237	398	512.1412392697	474.4050921827	1700.9620596572	330.8583923299	272.2868328947	5.9101123596	2.0898876404	1.8314606742	0.7091532872	7921	3115	1	2
238	399	185.6627026452	434.4856120127	642.8831664254	406.775391819	70.6442903853	6.1604938272	1.4444444444	1.8148148148	0.6372065802	6561	1701	1	2
239	400	467.0912147633	308.7771577435	785.2379243672	148.9987040972	76.1749473043	4.2769230769	1.3538461538	1.5076923077	0.7989673478	4225	1625	1	2
240	401	318.6956600506	206.2504685419	460.933388666	115.6334116976	26.7079179832	3.3636363636	1.1212121212	1.4545454545	0.7422138047	1089	429	1	2
241	402	549.7229071971	427.6399482266	616.5603292088	399.5211208776	63.3898353515	5	2	2.6666666667	0.4444444444	9	6	1	2
242	406	103.0976773402	2202.6014028017	2303.3723804791	2155.3468078599	23.9251027312	3.625	1.125	1.5	0.6953125	64	24	1	2
243	407	171.7388024298	132.5538407472	229.3897617476	125.756377668	68.8414768018	3.3125	1.4375	1.8125	0.6032986111	256	96	1	2
244	408	596.9456243874	553.0675481619	905.5818783651	652.7075375892	110.1903945381	3.7391304348	1.6956521739	1.4782608696	0.8023452134	529	230	1	2
245	409	473.6592728657	348.6544002257	936.1344685568	190.9570009743	77.2531329432	5.8181818182	3.1515151515	1.3333333333	0.7625506917	1089	462	1	2
246	410	614.6587180536	345.3349085688	999.608597539	208.8716734876	76.9539449208	4.9047619048	1.5238095238	1.6666666667	0.6448525363	441	210	1	2
247	411	685.475907703	433.1094530601	1626.7945645452	72.0110845081	251.2082529071	6.7966101695	1.7966101695	2.0847457627	0.6907496642	3481	1003	1	2
248	412	967.1525031095	916.7471021856	2361.4605003943	1093.5523028832	354.3809199298	8.5	2.2083333333	2.375	0.6281522932	576	192	1	2
249	413	1121.4897091704	960.9903596935	2047.6340744805	1019.6914691856	224.069595577	9.8541666667	2.4375	2.4583333333	0.6431222814	2304	720	1	2
250	414	323.0466390182	385.2471633885	993.6108055604	231.0156108875	44.5084652532	6.5405405405	1.4594594595	1.4864864865	0.844025167	1369	444	1	2
251	415	73.8104608225	90.2373151461	141.8535070542	97.6012386624	6.6806395444	3.8974358974	1.2307692308	1.4615384615	0.6271584104	1521	624	1	2
252	416	1470.1708087454	1281.7969869537	3170.2133293886	1588.1123770258	374.9533268587	26.6666666667	6.5	4.6666666667	0.332895256	36	18	1	2
253	417	405.3475440108	302.151388699	1296.7076010667	230.1613224499	232.8666691482	27	6	4	0.4052762084	9	6	1	2
254	419	762.9548953002	781.8402634363	1864.5725521101	608.3687222631	277.4323978388	6.8163265306	3.5102040816	2	0.70284266	2401	1078	1	2
255	420	216.8091408653	148.2944898073	312.0679058656	122.9231792619	29.1757102904	3.8269230769	1.0769230769	1.4038461538	0.8231303419	2704	884	1	2
256	421	757.9785335501	489.7276618718	3949.6481680291	238.2449784327	623.3934577786	18.4086021505	5.0430107527	2.9139784946	0.5469334942	8649	1860	1	2
257	422	803.9014699332	716.2328333549	2371.7122606441	397.4578159982	419.3828748402	8.404494382	2.5730337079	1.9101123596	0.6690334177	7921	2670	1	2
258	423	188.4811088256	312.0581048479	681.3350081264	277.9881330041	100.6256548246	11.2268041237	1.6701030928	1.9072164948	0.7291395111	9409	2328	1	2
259	424	481.5124570945	361.3559323318	925.3901433864	273.6946252784	112.2254531853	5.1684210526	1.6105263158	1.4526315789	0.8228403233	9025	3040	1	2
260	425	732.8194295108	474.3690232004	1323.1714262736	347.0036948786	190.9982930174	4.4130434783	1.847826087	1.5	0.8049504432	2116	874	1	2
261	426	650.2173068368	728.2142361959	1604.3841366409	745.1010519391	283.9631184074	5.44	2.16	1.68	0.6985970096	625	300	1	2
262	427	351.9425971865	377.8292101759	623.8608038784	407.861932673	45.7461603097	6.0930232558	1.4418604651	1.5813953488	0.7448631298	1849	602	1	2
263	432	0.3056892466	38.080221939	38.2309357971	38.2309357971	2.482892155367519e-08	4.5428571429	1	1.3428571429	0.9071428571	1225	315	1	2
264	433	171.6536822218	389.6251456114	505.4699251282	339.9524707083	12.6919880372	3.5555555556	1.2222222222	1.3333333333	0.8765432099	324	108	1	2
265	434	832.7454714178	799.6025089692	1687.6828819057	584.3239792342	180.363674163	7.2820512821	3.5128205128	1.4358974359	0.720028648	1521	585	1	2
266	435	483.990868859	451.2576323914	912.1090119122	393.1772974632	80.6352093555	4.5	2.0357142857	1.5	0.7578924162	784	308	1	2
267	436	485.5028826939	288.312615372	866.9925852385	103.5724006367	55.5837387744	10.2833333333	1.5833333333	1.9166666667	0.7604563437	3600	960	1	2
268	437	388.4438223115	341.6882455848	784.8181259078	252.2111017563	64.2308602389	6.2692307692	1.3461538462	1.5769230769	0.7154967949	2704	936	1	2
269	438	881.6159207947	1534.620470391	2552.1168050729	1443.5018607262	199.8169282515	6.7272727273	3.4242424242	1.6363636364	0.8263659274	1089	495	1	2
270	439	2004.0862326497	2043.7568890703	4256.6569210463	1624.7694435118	609.8421956933	7	4.8125	2.0625	0.564244772	256	160	1	2
271	440	499.1298867966	351.424377722	874.0985194753	273.3421816499	10.8642544743	4.1458333333	1.2291666667	1.8125	0.7174958959	2304	768	1	2
272	441	836.7618357412	1301.3175671688	2509.6966123069	1417.3579554344	253.30007571	26	6.0952380952	3.9047619048	0.5063991972	441	105	1	2
273	442	192.6037941832	159.8898054031	574.9616275815	115.7817270834	105.2384270415	13.5	3.25	2.5	0.5933051087	144	36	1	2
274	443	0	10.2853124556	10.2853124556	10.2853124556	0	3	1	1	1	9	3	1	2
275	444	537.1402019305	409.6391944061	1104.7746345047	281.5652083471	148.7100889088	5.8476190476	2.4	1.8952380952	0.689381227	11025	3675	1	2
276	445	356.6682849224	360.3283607231	723.7864317866	276.0156838383	48.5760809639	4.5	1.5142857143	1.4285714286	0.8156153403	4900	1750	1	2
277	446	394.7563260154	230.4087569703	1037.4279191459	63.8576905519	41.8695838021	4.3387096774	1.4516129032	1.5483870968	0.7419105934	3844	1364	1	2
278	447	887.4116430367	663.0156824523	1739.2401519617	452.8485665061	267.4752437908	5.1951219512	2.3902439024	1.9268292683	0.7199350147	1681	656	1	2
279	448	440.5034957946	637.2840016717	1119.9009514111	583.740955301	93.3062047204	4.5975609756	1.5243902439	1.743902439	0.7248542669	6724	2378	1	2
280	449	1248.7030821818	924.7829867932	2033.4682874927	1035.0292909468	257.855871056	5.0727272727	1.7636363636	1.6727272727	0.7690689822	3025	1210	1	2
281	450	576.0391285319	466.4080170983	1130.2564125035	336.5545149877	160.6244362428	6.3258426966	2.3146067416	1.5730337079	0.7921047983	7921	2848	1	2
282	451	157.8501314861	151.0776356112	306.8114117015	143.3461696966	4.4402243872	3.6551724138	1.2413793103	1.3793103448	0.8058764368	3364	1218	1	2
283	452	1106.6916081946	1074.1360703289	2684.0168075546	1024.9087862094	586.4522599823	5.8571428571	2.5714285714	1.7142857143	0.7553538633	49	28	1	2
284	455	3273.273356727	4335.7262419688	5791.6460002499	5585.980363717	935.866409437	4	3	2	0.5	4	2	1	2
285	457	1660.3738524332	2004.8416331616	3377.054347695	2307.2690165861	591.8871884629	9.7142857143	6.4285714286	1.7857142857	0.7503179003	196	98	1	2
286	458	1598.8771869803	1124.4999533132	2833.7059728046	756.5708997454	391.869652706	4.2105263158	1.8947368421	1.7368421053	0.7057748538	361	190	1	2
287	459	9.9220217251	52.2711504893	52.9901029085	52.7568552389	2.1653852661	3.8571428571	1	1.9047619048	0.6	441	126	1	2
288	460	493.7848039436	464.9659364946	912.084238251	398.5314398047	157.0399442953	4.4074074074	2.1111111111	1.2962962963	0.915684518	729	297	1	2
289	461	935.5741168553	793.1245344607	1915.2079200669	647.7683120064	224.8155066186	8.2647058824	4.0294117647	2.1176470588	0.6107954993	1156	476	1	2
290	462	757.9443671292	1379.5781858799	2774.6234113861	1242.8808706893	408.4564926147	9.5238095238	5.0476190476	2.1428571429	0.6154119659	1764	588	1	2
291	463	131.053891669	92.5107940822	318.8373088678	39.064716029	71.1786709884	3.4285714286	1.2142857143	1.5714285714	0.7747619048	196	70	1	2
292	464	475.6441958117	571.6107189034	1558.5443608013	411.1434250055	257.3547652388	5.2564102564	1.7692307692	1.5641025641	0.823972324	1521	429	1	2
293	465	568.0611932742	508.6099202968	1276.5275149665	394.0123735145	205.8173027122	13.7272727273	4.3636363636	2.3636363636	0.6360018486	1936	660	1	2
294	466	553.8900291107	411.1132590481	1846.7965875455	325.9438976427	325.4154355745	37	8	5	0.3528122717	9	3	1	2
295	467	1929.4955982532	975.7403922341	5733.6310655746	11.5459742194	0.3574019247	5.6428571429	1.6428571429	1.3571428571	0.7984126984	196	42	1	2
296	468	786.9945625219	779.0062460419	1524.5896009688	753.3672681401	207.3229704868	5.1454545455	2.2363636364	1.7272727273	0.7564152494	3025	1100	1	2
297	469	320.1003248333	780.1332874803	1176.7608035573	737.7819574518	99.9180539062	5.1551724138	2.4827586207	1.6379310345	0.7838186954	3364	1276	1	2
298	470	645.2347836469	505.7469984827	1188.6440372782	310.5680186227	123.9056962128	4.0294117647	1.7352941176	1.5588235294	0.7888525781	1156	510	1	2
299	471	444.6278270307	522.5704125507	940.2642325345	540.5984516206	151.6008253601	6.6818181818	3.2727272727	1.9772727273	0.6107212399	1936	748	1	2
300	472	380.7479107305	286.4421774243	734.3046528886	215.2606447356	131.484651308	4.829787234	1.7021276596	1.7872340426	0.7286625403	2209	799	1	2
301	473	38.1626363837	72.019644584	135.9229751883	56.8688271595	7.9410012775	6.8666666667	1.5777777778	2.6444444444	0.6090150892	2025	540	1	2
302	474	482.5512793072	521.371613422	1282.3881634707	488.7502095639	199.0833866604	5	1.5	1.375	0.8604988662	64	32	1	2
303	475	470.6983646001	887.8280390661	1603.0935555373	835.3180605672	162.5168880262	9.2857142857	6	1.7857142857	0.7457345669	196	84	1	2
304	476	714.885191267	533.5956278816	895.5620969563	551.3415002386	139.132977373	3.2222222222	1.5555555556	1.6666666667	0.6997530864	81	36	1	2
305	479	1054.2342959584	896.544564811	1593.057852781	548.2879208259	0.0124906436	3	2	2	0.5555555556	1	1	1	2
306	480	540.9569161444	322.8065212803	859.1787174107	57.0887256167	2.7747525622	3	1.1052631579	1.6315789474	0.6959064327	361	133	1	2
307	481	428.7822656299	359.8161049383	804.1066888066	241.3865599824	81.1431370487	4.55	1.45	1.225	0.8243441358	1600	560	1	2
308	483	1028.3813301903	889.8554368497	1618.9711513896	972.4474374874	0.0665257354	3.9523809524	1.3333333333	1.5714285714	0.6944444444	441	147	1	2
309	484	2047.3069730045	2104.5962217364	3701.6706483489	3231.8868021493	707.652901532	5.3529411765	1.6470588235	1.4705882353	0.854379085	289	102	1	2
310	486	299.1087386866	433.1171148035	1209.5520231548	354.435992654	224.6389116341	4.92	1.52	1.56	0.8048326531	625	200	1	2
311	487	783.624311517	619.6876799118	1403.5067674234	678.5373442643	138.9807330117	4.8125	2.0625	1.46875	0.7498581389	1024	384	1	2
312	488	2478.6089782268	2219.6429115653	4023.5848030733	1644.6159204547	700.2142448949	8.9583333333	3	1.9583333333	0.6073085778	576	240	1	2
313	489	667.66242195	719.4277680842	1097.2318032865	622.9274219221	176.3354073856	8.4705882353	2.1764705882	1.5882352941	0.7442231169	289	102	1	2
314	490	1248.3807518741	1084.8905589182	2625.0691135332	925.5838329293	383.9387220028	11.9666666667	7.8333333333	2.4333333333	0.556652527	900	360	1	2
315	491	16.6244776155	44.2208594298	57.8699085076	39.2515093714	0.0001172234	3.7457627119	1.0338983051	1.3559322034	0.8598870056	3481	1062	1	2
316	492	329.560988615	317.817909962	680.112429173	221.4950811213	69.0878874661	4.0454545455	1.4545454545	1.3863636364	0.7922952742	1936	748	1	2
317	493	291.8092892509	190.6660124248	787.9281397005	70.7555586381	114.604728004	5.8125	1.35	1.85	0.7410852466	6400	1600	1	2
318	494	755.1383301867	723.5754840093	1839.4784948674	630.2609028518	252.8039322952	12.7777777778	8.6666666667	1.7777777778	0.6208648819	81	36	1	2
319	495	240.911375602	228.4153847619	550.5062483914	106.7270431921	83.5456002814	4.3928571429	1.25	1.4107142857	0.822825783	3136	952	1	2
320	496	294.7004716636	374.3188808965	691.3096127808	314.9930246531	101.7567783545	4.4117647059	1.5294117647	1.4411764706	0.8001797386	1156	340	1	2
321	497	724.7426048429	588.3884653219	1169.4598303018	536.7597809128	221.8011255881	4.95	2.4	1.85	0.5715833333	400	160	1	2
322	499	0	23.2189706375	23.2189706375	23.2189706375	0	3	1	1	1	9	3	1	2
323	500	772.3666366254	417.1368404401	1392.470693479	34.5815082582	1.8300168107	4.7941176471	1.1470588235	2	0.7250816993	1156	340	1	2
324	501	1752.6358751762	1096.5681287431	6442.0124808738	227.0515469972	118.154691324	5.1176470588	1.6470588235	2.2352941176	0.6537990196	289	102	1	2
325	502	0	24.0703447332	24.0703447332	24.0703447332	0	4	1	1	0.5625	9	3	1	2
326	503	321.1302165429	302.6197161476	678.6811272234	158.6672080114	63.3829155699	6.8333333333	2.0833333333	2.0833333333	0.592962963	144	48	1	2
327	506	915.5285527242	632.6494803898	1755.4408446348	110.1372669103	270.933559909	5.4814814815	1.2592592593	2.0740740741	0.608442644	729	216	1	2
328	507	1441.7778978943	1310.4451045281	2772.2659880437	977.84929506	284.8687261953	6.375	3.71875	1.5	0.8253908175	1024	448	1	2
329	508	483.1855706332	417.4173616919	1129.6082629096	317.3264109969	176.4898454198	11.5238095238	4.8095238095	2.5714285714	0.4845185457	441	147	1	2
330	509	1256.2650185711	876.213359813	2538.2234464639	527.5440204237	371.7490234764	5.9268292683	2.6341463415	1.7073170732	0.71756878	1681	533	1	2
331	510	712.8604246028	448.832980534	1642.9065727848	168.383430662	25.2163129257	4.7435897436	1.3846153846	1.5128205128	0.8025071225	1521	429	1	2
332	511	183.3586603794	813.1287593941	1080.9994782992	730.7267144298	51.8005411166	4.1086956522	1.1956521739	1.3913043478	0.7981582126	2116	644	1	2
333	512	353.2475729682	439.1430577179	758.1763003201	437.235716301	88.6983579706	6.1818181818	1.6060606061	1.8181818182	0.6815252869	1089	330	1	2
334	513	0	19.2844420387	19.2844420387	19.2844420387	0	3	1	2.5	0.2777777778	16	8	1	2
335	514	0	31.7157395228	31.7157395228	31.7157395228	0	5	1	2	0.68	25	5	1	2
336	518	202.0522341793	150.078226424	322.2781585665	63.9782603528	0.0002492972	3	2	1	1	4	2	1	2
337	519	1267.6309256103	670.9952810896	1275.335804673	676.3915165055	343.969686454	3	1.5	1.1666666667	0.7777777778	36	24	1	2
338	520	20.9288228587	121.3010112712	152.2450112871	114.9676639406	7.1095678341	4.2	1.2666666667	1.1333333333	0.9575757576	225	90	1	2
339	521	326.808998492	324.4959824933	829.2728501941	284.6067836419	110.917996479	5.5	2.35	1.7	0.7677721088	400	120	1	2
340	522	203.2201290885	121.6991382514	396.1706118296	30.2086470587	0.0003922911	4	2	2	0.625	1	1	1	2
341	525	679.2260202808	551.7009928417	2083.4811287994	278.7202556135	459.2693704836	11.3513513514	2.2162162162	2.7297297297	0.6532352665	1369	296	1	2
342	526	474.360613363	1349.9149313762	1844.8400116068	1215.4061953402	174.2749790719	4.3333333333	1.8333333333	2.125	0.6033796296	576	216	1	2
343	527	656.1981641166	418.62046534	1602.4106840739	75.1963005613	258.5342851826	9.1111111111	2.1388888889	1.7777777778	0.76490422	1296	360	1	2
344	528	1331.7723707579	992.1786436285	2292.9123491555	841.5807352033	305.8120939352	6	3.25	1.5	0.83326406	1296	540	1	2
345	529	834.0766449785	863.289225248	1468.924516104	1084.4235563894	151.1410000156	4.2	1.6	1.1	0.9481591059	400	160	1	2
346	532	765.5073325172	585.4771190269	1099.7048289934	911.6094960751	257.5417825158	4.25	1.375	1.25	0.9382716049	64	24	1	2
347	533	633.0300691531	338.2063079821	1366.5913347251	25.899148335	97.1319042679	8.7692307692	2	2.6153846154	0.4729020979	169	39	1	2
348	535	419.8237118452	421.1417454207	791.7039064759	478.3407293808	139.6869399767	4.6153846154	1.4615384615	1.6923076923	0.6585576923	169	52	1	2
349	536	1638.0044713158	1100.7377599158	3030.476268838	785.0437760208	0.098615607	3.7777777778	1.5555555556	1.3333333333	0.875	81	27	1	2
350	537	1498.2853920761	1031.7281430962	3479.7318507034	430.3171391049	408.871195011	9.2	3.75	2.45	0.6772027365	1600	600	1	2
351	538	1995.0655792105	2128.153064389	6923.5734230497	1456.2586518711	1138.3612787016	13.3	4.7833333333	3.2333333333	0.6015415435	3600	1260	1	2
352	539	113.7862853357	82.1862118846	190.8212055294	27.884958562	0.0036448394	3.3043478261	1.0434782609	1.2173913043	0.8559782609	529	184	1	2
353	540	101.8803200065	77.7151582561	114.6438006895	77.7151582561	6.851227498714252e-05	3.1	1.1	1.4	0.7791666667	100	40	1	2
354	542	192.9633846946	198.5923007865	342.1281199048	227.3520502394	7.3189109514	3.3043478261	1.2608695652	1.5217391304	0.7101449275	529	207	1	2
355	543	663.5638610359	386.013685695	1040.6914733902	75.29367131	134.9883074213	3.0909090909	1.5454545455	1.5454545455	0.7575757576	121	66	1	2
356	544	1499.5713453327	1358.8120304483	2679.379220801	941.0294695588	328.8910109436	6.5925925926	2.3518518519	1.5925925926	0.7748475409	2916	1134	1	2
357	545	1671.1040418561	1063.9827792295	2527.2541239974	735.1045717759	413.4173156319	3.7777777778	2.1111111111	1.6111111111	0.7208719136	324	180	1	2
358	546	423.6992731151	272.9929182315	729.5268593077	118.6145961615	0.3840069015	4.2432432432	1.4054054054	1.1621621622	0.9368168168	1369	481	1	2
359	547	1615.736392371	1142.4510549973	2338.8840157964	908.2805634344	142.514176509	3.4615384615	1.6153846154	1.1538461538	0.7713675214	169	91	1	2
360	551	1522.3864414942	2306.7748831739	3326.5305374001	2232.7531329336	284.2404362494	4.8888888889	2.2222222222	1.8888888889	0.5891358025	81	36	1	2
361	552	2502.3140528042	1716.941313342	4188.0616090444	1255.1318115901	615.6238996147	8	6.1666666667	2.1666666667	0.5348377005	36	30	1	2
362	553	1775.6567534362	1162.5687385632	3187.0280318687	805.1028758653	336.3526957393	4.9545454545	1.8636363636	1.9545454545	0.6111868687	484	198	1	2
363	554	40.7663304623	63.8836370351	100.108440831	70.0952006669	2.7402587642	4.5	1.5	1.8181818182	0.7592929293	484	154	1	2
364	555	484.8807174355	336.0860523982	1205.0642123046	145.5649719795	156.1023339928	6.5	2.5	2.5	0.6388888889	4	4	1	2
365	556	1289.2918059453	1054.2621332068	2011.9487333448	1054.2621332068	0.0181505838	3.2857142857	1.2857142857	1.2857142857	0.7341269841	49	21	1	2
366	557	277.1774289299	168.7688216859	419.144043904	57.1830902175	0.0172691935	3.8888888889	1.0740740741	1.3703703704	0.8393717981	729	243	1	2
367	558	691.8985350692	1044.5182669815	1556.1093024352	1074.692211774	222.1603504836	4.7692307692	1.7692307692	1.6923076923	0.7539316239	169	78	1	2
368	559	1054.2545771507	1015.7365789327	2807.190093927	689.5433510636	488.0042459646	7.4	2	2.25	0.6986219618	400	120	1	2
369	560	18.3082567534	152.3217954566	162.1044009685	157.7398274773	1.3396318342	4.6666666667	1.5555555556	1.2222222222	0.9320987654	81	27	1	2
370	561	0	52.147940566	52.147940566	52.147940566	0	4	1	1.5	0.8125	64	16	1	2
371	562	363.8186368526	3423.5214893913	3972.7457499118	3385.0219393149	126.4019954061	8.9444444444	4.7222222222	1.9444444444	0.6689972558	324	90	1	2
372	563	686.5948731968	368.7500493318	1383.0640653282	31.9655503144	4.1767265308	3.8260869565	1.3043478261	1.2608695652	0.8357487923	529	161	1	2
373	566	0	29.1721354385	29.1721354385	29.1721354385	0	3	1	1	1	9	3	1	2
