Index	HEX_600	06_HEX_weighted_average_distance	06_HEX_weighted_mean_home_distance	06_HEX_weighted_max_home_distance	06_HEX_weighted_median_home_distance	06_HEX_weighted_radius_of_gyration	06_HEX_weighted_num_reporting_2015	06_HEX_weighted_HEX_coverage	06_HEX_weighted_subject_coverage	06_HEX_weighted_subject_hhi	06_HEX_total_reporting	06_HEX_total_user	user_type	reporting_level
0	0	5584.1556592091	4132.5100901609	11578.0097821607	3769.0850514539	2227.6589905273	997	273	8	0.2846895752	4	2	3	2
1	8	5832.7662519506	4799.6444843066	13050.6876816829	4359.2264129443	2286.373489556	597.5714285714	178.7142857143	7.1428571429	0.2783293402	49	21	3	2
2	9	1338.9322734038	1127.1967952407	2248.7400456594	1052.3383251834	421.5309827437	51.7391304348	16.4782608696	1.9130434783	0.6854650039	529	253	3	2
3	10	671.4109405873	649.9158192124	1662.4480747151	491.0982970988	190.7702195564	12.3448275862	6.1724137931	1.8620689655	0.6690921098	841	348	3	2
4	11	246.0203717265	373.5008553155	517.1038571592	424.5084209692	127.0688727368	6	3	2	0.5555555556	4	2	3	2
5	13	1503.6690689393	1455.8282404244	3280.6681705451	1545.5256718123	387.7638857427	17.8333333333	13.5	2.8333333333	0.5992139895	36	18	3	2
6	14	2860.3305195297	4480.5209296218	8006.1907295292	4293.7382090516	1075.760882281	165.3913043478	58.4782608696	3.4347826087	0.5202216846	529	345	3	2
7	22	5584.1556592091	4132.5100901609	11578.0097821607	3769.0850514539	2227.6589905273	997	273	8	0.2846895752	1	1	3	2
8	23	494.0191841149	376.7043375608	1024.4331693169	275.7471860715	142.8269926234	11.3333333333	5.5833333333	1.6388888889	0.6989450024	1296	540	3	2
9	24	1311.0386063467	1171.3843407507	2784.4982117121	1181.2691801315	400.85119314	112.0731707317	33.4146341463	3	0.5948658765	1681	656	3	2
10	25	1067.1448120789	2325.354748371	3638.8914920833	2144.4237964387	380.5149410886	73.6785714286	25.3214285714	2.8928571429	0.5733021826	3136	896	3	2
11	26	325.6281833183	2706.9922195568	2899.9555721387	2691.2881248472	156.650532721	6.2	2.8	2.4	0.4955833333	25	15	3	2
12	29	4628.1818492691	3083.8906362864	9256.2463628089	1997.3710999804	1846.89701021	248	82.8	4	0.480049716	25	20	3	2
13	30	2242.3912853866	2884.1462145279	5957.0746642783	2679.9796348544	851.8813466279	148.25	51.625	3.25	0.3751903212	64	56	3	2
14	31	719.0635885098	661.59454032	1303.3732636419	676.6843000842	235.4451813029	22.5875	8.6125	2.0625	0.6680676397	6400	2560	3	2
15	32	649.2199232868	788.2582013857	1528.1580425765	765.9428364316	243.2677365305	20.9852941176	11.2647058824	1.9705882353	0.661012674	4624	1632	3	2
16	33	1635.9855033639	2483.30031216	3569.9710483495	2750.7800130384	644.3954055745	7.0526315789	4.3157894737	1.9473684211	0.7503759316	361	171	3	2
17	34	5594.5584576196	4216.1803236177	12642.073546081	3148.6736561857	2331.7242713672	328	119	5.5	0.3646867008	16	16	3	2
18	36	466.411431408	376.1260845612	958.6822978186	323.2973524175	170.5882392727	36.4330708661	9.3779527559	2.5748031496	0.7294893443	16129	3810	3	2
19	37	973.0620360173	855.855556806	1943.5231535689	732.8035602733	245.0193505829	43.338028169	14.9014084507	2.1830985915	0.6383326939	5041	1775	3	2
20	38	1860.7328356509	1567.242000022	3888.6130866095	1444.7763314946	732.6435600002	138.1956521739	43.652173913	3.2608695652	0.5594482115	2116	828	3	2
21	39	1590.8362941741	1452.3253776206	3398.6532452559	1176.382876101	525.8209319631	83.1785714286	25.8571428571	2.4642857143	0.5839947909	784	364	3	2
22	40	1404.1172041173	1110.1745684264	2925.5970465111	873.677369832	597.8738710449	35.9	21.6	2.4	0.5993735789	100	60	3	2
23	42	0	11.575169622	11.575169622	11.575169622	0	3	1	2	0.5555555556	9	3	3	2
24	46	1498.8276670791	1277.8278177578	3135.2265890179	1026.6573874739	534.3507965585	68.7066666667	26.76	2.4666666667	0.6440956651	5625	2250	3	2
25	47	832.4015118133	613.1191165578	1480.3570874416	465.8274431155	204.717483134	28.8449197861	8.9197860963	2.0481283422	0.6640945481	34969	12529	3	2
26	48	1850.1552811192	2313.5023620397	4253.6613873249	2268.6767429938	718.7726203779	71.5789473684	24.8947368421	2.2631578947	0.7740264233	361	209	3	2
27	50	1258.7045804787	1062.9959843144	2452.4923478343	1026.334500735	459.3197053423	94.4210526316	26.8947368421	3.3421052632	0.5512874127	1444	494	3	2
28	51	636.7362703298	513.6648415619	1343.5525661538	443.7410317655	236.9943205517	45.2924528302	11.0047169811	2.5330188679	0.7338178822	44944	11236	3	2
29	52	757.8388124855	530.5158451339	1621.059586872	367.9975895171	239.5772228262	61.125	17.6666666667	2.4166666667	0.7083122006	576	288	3	2
30	61	1521.8042023588	1660.3814560208	3316.0582137912	1682.454481827	538.2833766544	69.8	24.65	2.35	0.5426933214	400	260	3	2
31	62	1945.2102741081	1540.6616233394	4087.8928195964	1324.9970265597	663.8622215394	31.68	18.28	2.8	0.4786893478	625	375	3	2
32	64	1071.4891198633	714.0712685517	1992.1371022869	448.2966636055	247.5216568159	113.8888888889	31.3333333333	2.2222222222	0.7229901997	81	36	3	2
33	65	800.9757886486	847.0766861473	2581.4514289862	733.0956083458	385.7822688166	84.0869565217	19.850931677	3.6956521739	0.4483952263	25921	5796	3	2
34	66	400.0719372847	538.8358756598	1355.0959224292	448.5626109371	158.9356898318	20.4366197183	5.0704225352	2.5633802817	0.5823950509	5041	1846	3	2
35	72	5213.6216237571	4776.6981353795	11093.5596394972	4552.023145148	2255.4949400702	90.5	62	2	0.8839938817	4	4	3	2
36	73	1239.5745843977	1187.8372914033	2987.083410049	1088.2674229135	441.9907944939	38.6	22.8	2.3	0.7951975294	100	50	3	2
37	74	1942.915005385	1785.2566084177	4191.2203550019	1743.7399309335	771.3102359933	211.5454545455	64.9090909091	3.5454545455	0.616498834	121	44	3	2
38	75	6136.8961829804	4870.0687056502	12956.4792074668	4317.0851283381	2242.4804097425	207.5	129	6.5	0.3719577539	4	4	3	2
39	76	5931.5441638836	4486.7403614376	12093.0154866794	3946.0015616465	2289.7960344755	570	190	7	0.3426235299	4	4	3	2
40	77	2602.5086940845	3116.3826042567	9729.9840199614	2387.4355275578	1095.2534273376	38	18	3	0.5609418283	25	5	3	2
41	78	1188.8717674366	1162.9966548235	2782.106546388	1045.5571274348	426.1446772661	82.7058823529	28.8823529412	2.3823529412	0.6704783473	1156	442	3	2
42	79	2092.2363264819	1757.8796286877	4273.7369479959	1791.4118634447	738.8989007244	189.9347826087	55.8913043478	3.4456521739	0.516447867	8464	2760	3	2
43	80	1023.2640207243	888.6888906421	2095.0958356713	751.6487725899	332.2863929911	35.7591836735	12.6244897959	2.5224489796	0.5325054199	60025	18865	3	2
44	82	2093.7749929128	1797.7239603829	4008.8601077525	1568.6399022398	685.4016828333	13.6363636364	10.3636363636	2.6363636364	0.5329438821	121	110	3	2
45	83	847.8158085259	667.2942074177	1727.6026239999	553.2209461094	275.8332234535	46.0947368421	12.8421052632	3.6526315789	0.479288342	9025	2375	3	2
46	84	429.8038900655	324.7422219933	910.1899435408	202.8455381557	161.5716966318	19.8857142857	3.2857142857	2.8285714286	0.6300668544	1225	420	3	2
47	92	527.9275532494	455.1857635008	1169.5603435109	422.8595473551	177.7523440205	26.5833333333	13.5	1.5	0.8526872427	144	48	3	2
48	93	3582.6900936803	5644.014984636	10188.1968632481	5663.0845194303	1341.6357338788	507.5	143	6	0.2704312074	4	4	3	2
49	94	412.0507431413	346.9158609569	816.0297197906	295.8400922201	130.6632785731	11.3333333333	7.0555555556	1.9444444444	0.704969243	324	126	3	2
50	95	2721.6468047819	2260.9294230164	5831.7380356632	2016.6475053946	1122.2419723706	57.8333333333	32.5833333333	4.25	0.4014035251	144	96	3	2
51	96	1095.6310305231	779.8427840441	2107.8132903391	516.843721879	273.8055041137	83.8076923077	24.7692307692	2.1538461538	0.5543824932	676	312	3	2
52	97	898.1299948984	808.4962096936	1884.3541215149	796.1900363798	314.1366439022	24.6739130435	9.8152173913	2.0760869565	0.7093349572	8464	3312	3	2
53	98	1191.0349379748	836.9340605803	3933.4292616957	602.6656455954	872.4484706995	80.1363636364	22.6818181818	3.2045454545	0.5763647946	1936	616	3	2
54	99	5584.1556592091	4132.5100901609	11578.0097821607	3769.0850514539	2227.6589905273	997	273	8	0.2846895752	9	3	3	2
55	101	760.2984478921	588.1639527872	1890.3153475675	420.5130563288	319.6921455008	35.003058104	9.9663608563	2.1651376147	0.6836816697	106929	29430	3	2
56	102	1532.0304403199	1514.2081314474	3617.6155833471	1359.6950248786	573.0407063668	82.4330357143	25.8258928571	3.1473214286	0.6091390394	50176	12768	3	2
57	103	2777.9246151879	2635.9537742976	6279.8937501261	2353.6315611808	1033.6213964456	124.6836734694	40.0612244898	3.5510204082	0.4283869237	9604	5292	3	2
58	104	2460.18648923	1990.069623019	5127.1727179017	1727.6473495911	883.2742697578	214.462962963	66.5740740741	3.5740740741	0.5980631028	2916	1188	3	2
59	114	918.6029023101	1191.4855832928	2033.9939900539	1162.1772835672	328.5889808675	66.1764705882	19.7058823529	2.2352941176	0.7489870869	289	136	3	2
60	115	606.2448715121	449.5234428693	1128.9518529543	329.2153550268	157.0467596182	29.8947368421	10	2.3289473684	0.6858111722	5776	1596	3	2
61	116	850.7831676367	1407.0752079243	2192.3782031588	1257.010929295	176.2188829709	7.6774193548	3.8225806452	1.9193548387	0.6879935098	3844	1488	3	2
62	117	1431.8383430561	1332.5387231795	2785.7658154925	1254.9144558663	308.5820602983	88.32	26.08	2.24	0.7459419662	625	300	3	2
63	118	716.0483927908	614.9805871698	1513.7118491225	520.0467767416	250.6239441823	54.6461538462	16.3230769231	2.0307692308	0.6919999466	4225	1430	3	2
64	119	836.3823421048	728.3400008736	1674.8321907648	628.6690455284	316.7684080709	43.1617647059	13.7058823529	2.8235294118	0.6047130973	4624	1564	3	2
65	120	1475.9438901439	1238.4045286272	3127.7719088192	1154.3841324777	547.848736726	116.3725490196	42.2941176471	2.8039215686	0.7184905347	2601	918	3	2
66	121	1536.3458053212	2828.976654919	4649.83207162	2657.6598957854	768.6256268297	86.3882352941	25.0705882353	3.0352941176	0.5501602421	7225	1870	3	2
67	122	1345.0233841275	1738.1419415864	3428.2304731544	1654.8216589566	511.0581110566	134.875	39.25	3	0.6781052026	64	48	3	2
68	123	5291.7527460695	3818.1694984476	8888.1078442247	3358.1795133404	1732.5790174708	359.3333333333	110.3333333333	4.6666666667	0.4684446294	9	9	3	2
69	124	4864.6807074176	4141.4164937388	9391.4620886	4209.4737192906	1525.3930137076	304.4285714286	93	4.7142857143	0.4054106905	49	42	3	2
70	125	6278.9326685581	4840.9706327143	12608.021191198	4122.9180718391	2351.9330784237	143	107	6	0.4005574845	4	2	3	2
71	127	5795.2815466986	5219.6055597892	11781.5098828769	5110.8956872175	1744.9474428831	34	27	3	0.455017301	4	2	3	2
72	128	541.5183627738	402.6197853301	1257.582208311	311.2840821479	242.0351365563	52.0740740741	13.1481481481	2.9444444444	0.5603647026	2916	972	3	2
73	129	695.1492769547	615.0469036243	1498.454579927	563.2914053787	249.4014724878	66.6324786325	17.452991453	2.641025641	0.6252032012	13689	4095	3	2
74	130	1853.2547460627	1528.8605489849	3966.1466301041	1443.6870630388	641.0424705256	174.3009708738	51.7475728155	3.1067961165	0.6390616591	10609	3399	3	2
75	131	1301.8968416102	1252.3568789006	2814.2267384489	1192.5299259042	499.1656560979	128.5813953488	37.4651162791	2.8837209302	0.5209862563	1849	817	3	2
76	132	2483.7318699677	2367.5381313379	5839.0601844463	2078.6124869619	970.6503496958	144.2702702703	42.7702702703	3.6891891892	0.432813472	5476	2442	3	2
77	133	4293.878288657	3281.4447034759	8847.5766144077	2877.0177648797	1637.509140857	463.7954545455	136.6818181818	5.4545454545	0.3817969051	1936	792	3	2
78	134	2729.5097646335	2154.5501094857	5861.0345958983	1914.9902712964	990.1349266497	188.0555555556	73.5555555556	4.1666666667	0.4125389426	324	180	3	2
79	135	286.6090842724	293.3473384243	871.9270816178	289.4197746744	173.6023923022	6	2.25	2.25	0.5288888889	16	8	3	2
80	146	26.2691046328	74.5547637608	90.174731011	73.0498740589	0.6684771073	4.7368421053	1.1052631579	1.5263157895	0.8315789474	361	95	3	2
81	147	1295.2487445955	1451.5676447122	3241.864899926	1230.1419548254	584.8648916598	46.4545454545	16.0909090909	2.1212121212	0.7113184221	1089	561	3	2
82	148	1311.2834209917	1400.9086520867	3080.1255229962	1215.2710738661	541.2202041248	57.8	18.8888888889	2.6666666667	0.6085620628	2025	810	3	2
83	149	980.3172639852	930.3460537299	2803.6810960214	773.9019742897	534.0532123491	62.7820512821	19.5128205128	2.1666666667	0.7629875931	6084	1950	3	2
84	150	1000.6903407731	1148.4264462979	2549.4054347536	1148.9981152622	395.0318120914	68.88	21.52	2.8	0.6100406105	5625	1800	3	2
85	151	1460.3506310964	1381.1660585774	3128.6546755615	1289.2685629224	585.8473543647	150.4285714286	42.1904761905	3.0952380952	0.6466116839	441	231	3	2
86	152	1199.7379195745	991.5784248017	2762.9891031535	745.3419129043	488.1351372624	50.0161290323	18.4193548387	2.7419354839	0.5926074429	3844	1550	3	2
87	153	2053.8389826984	1855.4008856947	4171.144464295	1677.62419712	640.0909011494	83.8387096774	29	3.1935483871	0.4883963405	961	558	3	2
88	154	3764.1412168107	2559.1141462418	5496.8171181761	2893.696004244	362.2270092706	4	2.25	1.75	0.65625	16	12	3	2
89	155	4553.9718815035	3357.7863129422	8660.3847268449	3044.2307167972	1719.3830262994	505	142	5.5	0.5062501131	4	4	3	2
90	156	3617.8718534815	5380.6875612182	8178.4644292275	6866.3933958501	375.7944155156	172.8333333333	48.8333333333	3.8333333333	0.5422399292	36	12	3	2
91	157	744.6463253871	732.648230233	1644.2555359355	627.078869507	279.4948415966	42.0333333333	14.5666666667	2.1333333333	0.708299902	900	420	3	2
92	158	3131.8321316108	2349.22032237	6555.984093519	2112.2431751926	1290.5850851198	428.6153846154	128.0769230769	5.2307692308	0.3853407057	169	65	3	2
93	159	946.6670036922	1092.7787297857	2307.4971206531	992.3851742931	304.2376364449	74.0857142857	21.6857142857	2.8	0.6047112001	1225	490	3	2
94	160	1256.5735625314	1178.0154471811	2910.6407389983	1046.2703371087	481.1800714683	108.3021978022	32.543956044	2.8681318681	0.6347379343	33124	10374	3	2
95	161	1355.0332997274	1396.0446943338	3314.0602668769	1269.4513026701	531.1882370806	92.186440678	23.5084745763	4.1610169492	0.5203641333	13924	4130	3	2
96	162	2125.6360749174	1805.4860197808	4590.7051010963	1597.7681124111	806.6383655501	187.8909090909	55.8454545455	3.6272727273	0.5505364157	12100	4950	3	2
97	163	1167.246090871	1050.1361517042	2488.3644213201	924.1703719101	441.2696558189	102.0731707317	28.9817073171	2.737804878	0.5964561736	26896	6888	3	2
98	164	2270.4909397955	1717.6565883014	4688.6811292675	1431.515041389	834.1004945798	160.6707317073	49.1829268293	3.5853658537	0.5523464018	6724	2542	3	2
99	165	2468.3004053775	1949.7707046154	4801.9587375656	1769.0961026987	846.6953557416	166.5517241379	52.8275862069	3.724137931	0.5035715867	841	406	3	2
100	166	1984.9777686443	3070.0959549569	5656.1183907809	2888.5811976461	732.5031960112	144.12	48.12	2.88	0.6775571313	625	350	3	2
101	167	2893.0949332114	2492.6186585719	5848.3710509211	2221.7841690494	1058.2225227293	335.3333333333	93.3333333333	4.6666666667	0.2998965251	9	9	3	2
102	168	4646.7733793664	3739.1292290606	9745.3144369192	3447.3046504398	1664.6555784101	283.3333333333	115.5	6	0.3305671581	36	30	3	2
103	177	1075.8959823406	676.3585202872	5342.8369394227	290.9541374973	1241.9853874781	41.34	9.3	2.96	0.6271793183	2500	500	3	2
104	178	1402.4461684488	1223.9534174005	2982.6858743203	1437.6389546964	389.4474923424	36.8709677419	20.1612903226	2.5161290323	0.6899930059	961	403	3	2
105	179	923.8449057264	821.1224341995	2673.1396196779	641.498253018	528.495970233	18.7755102041	9.1836734694	2.2857142857	0.6699289627	2401	931	3	2
106	180	510.5107260028	545.1059404443	1117.421233781	609.2960023422	136.3963141068	15.978021978	6.6043956044	2.010989011	0.7167837899	8281	2275	3	2
107	181	1912.1326084749	1765.0513644205	4013.5196076137	1715.6719078865	684.181231196	102.46875	38.96875	2.59375	0.6255375817	1024	384	3	2
108	182	5584.1556592091	4132.5100901609	11578.0097821607	3769.0850514539	2227.6589905273	997	273	8	0.2846895752	1	1	3	2
109	183	1950.1393043746	1656.1164749224	5123.8785833826	1258.1697240991	934.129896447	24	7	3	0.5333333333	4	4	3	2
110	184	2836.220406472	2653.8564455402	6415.5527083	2419.6600616353	1091.8836650159	167.96	47.32	3.24	0.5500095003	625	350	3	2
111	185	1354.8220574707	1415.9782392843	2874.2182383356	1361.2008986644	472.2245278153	47.2222222222	15.7037037037	2.7037037037	0.5801409671	729	351	3	2
112	186	1410.0799475432	1150.8342222816	2880.7768183728	945.7405829451	526.962300482	29.0571428571	16.3428571429	2.3142857143	0.6535189476	1225	665	3	2
113	187	1185.4582750704	1023.7668308372	2476.6606692964	907.3765030384	409.2755044728	85.4	28.0952380952	2.3333333333	0.7061638655	11025	4200	3	2
114	188	430.4908425743	363.9429511061	1120.6786853451	281.9234965267	208.465832373	31.3793103448	8.5440613027	2.7318007663	0.5921337124	68121	17748	3	2
115	189	798.0426542036	824.8493798652	2007.8477770457	605.8680329261	273.1907393447	47.6153846154	10.3603238866	2.5101214575	0.6279077261	61009	16549	3	2
116	190	775.3773226754	782.6698319843	2012.9215697797	629.2500185587	325.2350432732	58.6470588235	15.512605042	2.2100840336	0.6987185902	14161	4165	3	2
117	191	4160.6181568325	2933.4001652114	8976.8602063657	2365.9285270238	1673.0115548966	528.25	154	5.375	0.4739771632	64	40	3	2
118	192	1562.6299602939	1675.7131977058	3480.8581798373	1644.9532937513	523.8736449641	67.5714285714	25.3333333333	2.4761904762	0.6159005422	1764	756	3	2
119	193	2877.6688104459	2546.3943453726	6725.8000016928	2324.7099598333	1111.5044358083	257.75	75	3.75	0.3718384936	16	12	3	2
120	194	4559.2859481247	3724.9952145815	9317.4782659578	2542.8507146535	1244.9258530216	18	11	3	0.614988499	9	9	3	2
121	195	4832.2151838474	3980.3054808308	11238.2184864242	3515.12405338	1920.9911158468	382.25	143.5	5.75	0.450512108	64	32	3	2
122	202	4754.9280164123	6371.9872680365	7781.7106931405	7781.7106931405	1486.2053094941	14	5	3	0.5	1	1	3	2
123	203	1501.7485349075	1239.8410198488	3571.0177169254	1061.221485568	640.7885878256	47.380952381	27.0952380952	3.5238095238	0.5050266152	441	231	3	2
124	204	1680.6777066227	2416.4399402206	4802.4267532636	2089.7689137169	646.9831752207	106.28125	29.71875	3.4583333333	0.5456540845	9216	2400	3	2
125	205	1840.0166453981	1266.0526373974	3547.0788681038	968.7749298495	566.6911869074	252.25	69.75	2.75	0.8211723938	16	12	3	2
126	206	2083.7681051321	2034.1357432904	4448.1397871048	2470.8195739568	723.0787096887	10	7	3	0.54	1	1	3	2
127	207	3012.8300084897	2313.4442803955	6788.2755578199	1795.0444172157	1078.32933529	146	48.5142857143	3.6571428571	0.4868582682	1225	700	3	2
128	208	2738.5578315267	2028.8809866164	5689.8314912951	1686.9920132728	1018.9694336079	255.3076923077	76.7692307692	4.0769230769	0.4589318493	676	312	3	2
129	209	1825.5788470412	1425.4014003111	3690.6964575329	1170.442475795	701.3045861929	78.35	30.2	3.15	0.570424496	400	240	3	2
130	210	2830.3042284225	2443.1675293992	5507.7152909203	2361.8805453726	1004.4767961967	215.9756097561	64.9024390244	3.6341463415	0.5205650839	1681	820	3	2
131	211	1221.3408679416	1038.5045484524	2555.1827729548	881.5543987592	469.343529511	61.9508196721	22.6393442623	2.7868852459	0.5535711036	14884	5368	3	2
132	212	980.4976673615	905.2995491946	2301.8302443983	768.8002885886	382.6297919746	67.8617511521	17.1198156682	2.6912442396	0.5723083029	47089	14105	3	2
133	213	1402.1202715764	1396.4743388399	3054.1703424547	1287.2109862706	560.3351277506	113.1052631579	32.0789473684	2.5	0.6898373743	1444	684	3	2
134	214	4785.4446249447	3878.0771682582	9971.7798996056	3486.7874223561	1877.3074749448	18	17	4.5	0.4933949285	4	4	3	2
135	215	1759.4080135157	2102.5403251712	3993.5429316653	2104.5575436924	647.5098586265	145.3	43.2666666667	2.9333333333	0.6455080319	900	450	3	2
136	216	1074.0259110176	863.4313863204	2152.78903192	762.6864388447	413.7946382197	94.5913043478	26.7130434783	2.7130434783	0.5835675852	13225	4370	3	2
137	217	909.263351044	745.5243261362	1895.3679786746	632.2366496492	323.3688888698	44.4851485149	14.3069306931	2.2574257426	0.6727108716	10201	3636	3	2
138	218	1270.5420059836	1155.0845276978	3167.7529220203	857.4501524836	476.3055217719	46.0322580645	14.3709677419	2.7096774194	0.5148672545	3844	1550	3	2
139	219	782.4317142697	607.6982863141	1622.9328429266	448.5790414707	210.1979179113	15.75	7.8076923077	1.9615384615	0.6417709955	2704	1144	3	2
140	220	872.3778038402	820.1841429865	1743.0575671475	720.3578993219	340.9758814639	6.4782608696	2.9565217391	1.7826086957	0.5993978873	529	253	3	2
141	225	706.9659122473	649.7553645509	1581.7557207252	605.6401293869	278.4573738381	127.75	35	2.375	0.7230861969	64	24	3	2
142	228	1351.1733292028	1078.6273437177	4173.0976841051	770.4595417225	725.4062385389	51.6202531646	16.8860759494	2.3924050633	0.6235512363	6241	2212	3	2
143	229	1191.8724446098	946.8342502134	3544.208934161	678.7683538547	603.9586828096	41.25	15.3529411765	2.2941176471	0.7063928701	4624	1768	3	2
144	230	1404.8219069748	1135.5529420273	2966.5223772397	1032.0631331718	565.8712713964	159.8679245283	45.3679245283	2.7735849057	0.6399488949	11236	3498	3	2
145	231	1729.0014493183	1809.9948177933	3761.7027557882	1844.2873605664	608.4354015214	104.2424242424	32.5454545455	2.4545454545	0.7095902465	1089	528	3	2
146	232	838.9592670654	632.7494038484	1776.4097779595	495.6861405368	240.2840473045	47.8771929825	14.4561403509	2.0877192982	0.7693320255	3249	1197	3	2
147	233	2794.9434325941	2207.9177425439	5711.1717849005	1782.825533374	964.9553276908	159.375	51.2916666667	3.2291666667	0.5237493501	2304	1152	3	2
148	234	3649.8509272807	3294.5717811018	8045.2120561778	2987.517378603	1368.6961702027	303.1395348837	96.4651162791	4.488372093	0.5117414342	1849	817	3	2
149	235	2613.4979044522	2844.7167272756	5661.0634886335	2851.41159736	1161.4573382265	307.1428571429	81.2857142857	3.7142857143	0.5713090144	49	21	3	2
150	237	911.8408267275	794.4827450658	1882.0346674649	718.4171766452	339.9539030099	76.3928571429	25.4761904762	2.4047619048	0.6288450543	7056	2604	3	2
151	238	564.7478214596	454.3349028578	1180.6768446675	362.9634592983	189.8598122349	24.9262295082	8.0655737705	1.9754098361	0.6960706961	14884	4514	3	2
152	239	335.1839447014	289.8028164348	835.8307050114	238.6525781962	153.8734474403	59.1475409836	8.3715846995	3.1530054645	0.6830351315	33489	6588	3	2
153	240	689.5757062486	597.9001928696	1469.9676224015	506.0444652918	216.2679592279	55.587628866	17.6082474227	2.2474226804	0.6003251752	9409	3589	3	2
154	241	387.2368421464	301.9418993119	886.2579984408	232.1285031729	182.3345485062	6.0361445783	2.0120481928	1.8674698795	0.6463584035	6889	2158	3	2
155	248	1949.5232285756	1486.0235474692	4593.2016003896	1000.2094982696	489.1239401804	75.2941176471	25	2.6470588235	0.4445427192	289	136	3	2
156	249	507.5824064631	580.1695167488	1074.9035164372	502.8182137536	147.2881665589	8.9487179487	4.358974359	1.6025641026	0.7433924778	6084	2184	3	2
157	250	1837.1239628817	1574.3004568324	3953.2793906437	1369.9375524074	616.038105581	80.3888888889	29.6388888889	2.4444444444	0.6747820159	1296	684	3	2
158	251	591.3436139914	476.3227775437	1265.5943993895	366.7562081083	219.5656849097	35.5460992908	10.1560283688	1.9929078014	0.7031145305	19881	6204	3	2
159	252	928.3814822335	957.9162145169	2369.0704849648	856.0322006484	374.7678790205	32.6162790698	10.2093023256	2.7441860465	0.503094477	7396	2580	3	2
160	253	1835.4616026032	1511.2136968721	3602.6684766529	1481.4468423496	641.299820675	142.7974683544	44.3291139241	2.6582278481	0.68626999	6241	2370	3	2
161	254	1434.4164183623	1091.1166358822	2800.4647113364	933.0873815359	488.579579623	134.5842696629	39.7528089888	2.9213483146	0.5983685167	7921	3026	3	2
162	255	1056.3004728683	956.4288647575	2158.014394598	1049.4886493889	340.1632104713	74.606741573	23.8988764045	2.797752809	0.5624250823	7921	2225	3	2
163	256	2370.5594049741	1748.1178560883	4853.5020554649	1542.1808708695	948.5865373258	403.6	110.4	5	0.3201258301	25	10	3	2
164	257	1165.0628991337	1104.4895760345	2391.3007018838	1052.2959280814	404.4514105161	57.0727272727	21.6181818182	2.1454545455	0.6747414838	3025	1210	3	2
165	258	1031.3694190861	1063.8676865655	2335.9668368795	971.9204852384	382.6877499924	97.3902439024	31.0731707317	2.5365853659	0.5844060472	1681	492	3	2
166	260	5332.5119269432	4506.5019602666	9813.8282625692	4495.0738839658	1616.5049415811	60	45.6666666667	3.3333333333	0.6185249285	9	9	3	2
167	270	5584.1556592091	4132.5100901609	11578.0097821607	3769.0850514539	2227.6589905273	997	273	8	0.2846895752	1	1	3	2
168	271	960.1109629541	915.1820046266	2022.867168072	837.1681170948	269.8899490933	43.5909090909	17.3636363636	1.7954545455	0.7786147264	1936	836	3	2
169	272	925.6831351982	728.5575121508	2170.6716403717	511.9138854139	313.7664310155	51.9057971014	14.4275362319	2.3260869565	0.6819237103	19044	5934	3	2
170	273	979.998301725	767.4377141399	2563.3138957676	757.636575445	359.1490350663	59.1546391753	17.2989690722	2.9278350515	0.5606327176	9409	2813	3	2
171	274	2740.6877624243	2642.7431533002	6047.2132452935	2328.5750633608	1045.7985960245	139.3529411765	54.5588235294	3.4117647059	0.5399882356	1156	646	3	2
172	275	692.048058326	652.2110239418	1512.0981086385	513.8596777595	236.6260041113	9.9873417722	5.5949367089	1.6582278481	0.7693385761	6241	2686	3	2
173	276	1134.4015652574	927.0029617586	2698.1033252318	680.1649767892	394.5710960547	29.9611650485	10.5242718447	2.3203883495	0.6832912395	10609	4120	3	2
174	277	704.882211032	530.3529703372	1511.7672689927	392.4251677862	262.9077622577	27.5303030303	9.8333333333	2.196969697	0.6261184892	17424	5940	3	2
175	278	981.3882167755	827.9805485162	1888.8261858637	719.8756262719	322.6472671382	59.4431818182	19.9431818182	1.75	0.8588593447	7744	2904	3	2
176	279	488.9450190254	687.6289322241	1306.9698146316	591.546540696	153.6640809087	25.7462686567	8.1343283582	2.2537313433	0.5914440322	4489	1474	3	2
177	280	1003.4359801502	1001.7071144113	2097.0246963062	872.2809052272	309.9515530953	36.3902439024	12.8048780488	1.9390243902	0.7110102392	6724	2706	3	2
178	281	999.6233858304	1554.4651954399	2752.4126655369	1498.1077683785	301.7932273657	54.4642857143	19.625	2.2321428571	0.6953912307	3136	1288	3	2
179	282	5022.1280689435	3853.0337828784	9620.5502870169	3082.2717640014	1600.2389105956	60	45.3333333333	3.6666666667	0.4703767804	9	9	3	2
180	283	2002.6234716491	1383.8419717415	2882.8083366063	1107.4486916296	729.7515279311	10.3333333333	7.6666666667	2.6666666667	0.2162885948	9	6	3	2
181	294	320.5241032031	259.8778560684	425.67884082	340.5748734555	11.1908135377	4	1.6	2	0.4503472222	25	15	3	2
182	295	1967.0168376688	1552.8709410065	4196.0803656289	1428.9787373613	726.7811769791	214.1666666667	71.3333333333	3.8333333333	0.5213412664	36	18	3	2
183	296	744.9015975091	648.7069114677	1475.3689424149	594.7318151489	256.8088458582	26.8018018018	10.9459459459	2.2072072072	0.6610442936	12321	3663	3	2
184	297	765.1749785211	763.983720496	1701.0960748474	672.6962226948	219.4345460528	36.1445783133	10.8674698795	2.2048192771	0.648441792	6889	2573	3	2
185	298	941.5396291139	785.1100217188	2043.3016626171	706.944682097	299.7340308355	51.5555555556	18.5	2.3412698413	0.6460473235	15876	6174	3	2
186	299	1367.6953651051	973.5477165149	2571.8740515448	702.7236934687	441.7668977855	61.5769230769	24.0192307692	2.6923076923	0.6661494409	2704	1196	3	2
187	300	972.9835815335	831.2746183976	2111.3685499291	728.7796757802	391.3641847672	56.6458333333	19.75	2.3645833333	0.6043918669	9216	3456	3	2
188	301	893.9772796909	1156.1540773563	2418.9843781566	1089.8701438867	358.670351697	74.7475728155	24.3398058252	2.145631068	0.7310054918	10609	3914	3	2
189	302	1128.5396116786	880.7359289938	2398.4576489892	744.7632730222	439.2264286262	91.2584269663	28.606741573	2.1685393258	0.7905218435	7921	3115	3	2
190	303	1175.8779818524	1225.4954009292	3014.2805825711	1006.7271578131	473.1658532181	59.6960784314	20.068627451	2.2941176471	0.6275638334	10404	3774	3	2
191	304	925.0957686959	847.8814780685	1927.7619839647	793.9494358135	320.0753440751	94.5511811024	27.1732283465	2.5748031496	0.6513544598	16129	4318	3	2
192	305	1210.4379286369	889.0561475312	2388.3624344256	698.8719140897	433.433426176	98.141509434	30.3679245283	2.4056603774	0.6630218465	11236	4028	3	2
193	306	2127.7091050615	1820.8109479716	3896.3172198148	2069.9069863347	709.4248670793	83.75	31.875	2.125	0.8053043137	256	128	3	2
194	307	3165.3069358139	2340.3187203405	6346.5633714471	1542.0705983761	1255.6119641636	336.3333333333	93.6666666667	6	0.2430446732	9	6	3	2
195	308	544.9872452184	597.2666729733	1361.4276225324	562.0017099052	193.9116128238	30	14.6363636364	2.0909090909	0.758487093	121	33	3	2
196	317	367.4795031653	214.9110963534	379.5565797582	221.3366178755	11.260040097	5	1.4	1.2	0.7942143327	25	15	3	2
197	318	242.4464589274	190.550069659	486.3748055494	83.3928866833	75.2549416777	6.8857142857	1.4571428571	1.4285714286	0.7996055227	1225	280	3	2
198	319	1072.7750596889	1671.7449077675	3375.7396155347	1527.0931741457	467.545621703	14.4821428571	6.3928571429	2.0357142857	0.6969359842	3136	1120	3	2
199	320	1050.5195977804	797.6832116572	2263.3995975755	577.6286968107	306.7575259858	28.9571428571	11.4	2.1285714286	0.6892717631	4900	2450	3	2
200	321	554.6505416067	439.7111262041	1208.5400666812	302.2305213768	211.2636841556	36.8275862069	8.9885057471	2.3333333333	0.697409427	7569	1914	3	2
201	322	1104.0642910674	820.8327200161	2321.2421585844	627.8848161098	399.4439860211	115.7023809524	32.25	2.5952380952	0.6308389817	7056	2268	3	2
202	323	1061.5590074828	796.0019993913	2177.5023136016	645.6956709593	430.1120419365	86.847826087	26.2608695652	3.3913043478	0.4817237402	2116	644	3	2
203	324	1122.3938453558	902.658789643	2270.4740759173	737.1590575633	396.1366710693	70.8358208955	22	2.1194029851	0.7505228824	4489	1474	3	2
204	325	846.4941016396	705.2919854949	1887.9936798296	575.0387024535	311.2101231594	30.4473684211	11.9035087719	1.798245614	0.7596015826	12996	4674	3	2
205	326	926.8993890313	780.1970407549	2422.0920652646	565.1224343506	436.8706730383	50.43125	16.28125	2.1375	0.6887120013	25600	7840	3	2
206	327	1090.8038111011	954.0154787751	2363.7358800955	846.7958038089	410.8257039682	111.5181818182	33.4545454545	2.2363636364	0.7496550809	12100	4290	3	2
207	328	760.3312530606	753.3279323752	1685.0501013048	678.224182388	269.9948326432	63.7222222222	20.9920634921	2.0238095238	0.7426800626	15876	4914	3	2
208	329	554.8231228506	623.5703570694	1753.7179842521	567.8690406389	271.5243984077	24.1074380165	6.8925619835	2.0165289256	0.6941020005	14641	4114	3	2
209	330	769.0324725255	624.1132195361	1618.0681274527	543.4743693015	221.0677264323	28.2962962963	10.2037037037	1.8518518519	0.7201529897	2916	1188	3	2
210	331	361.1482636033	432.0444462857	759.6663202814	390.98581778	113.8175002823	6.6607142857	1.375	2.25	0.6315012384	3136	840	3	2
211	344	602.0051736873	1279.6246741528	1707.5509398245	1401.8188008555	300.8478042618	6.2352941176	2.5882352941	1.4117647059	0.8217158213	289	102	3	2
212	345	60.2414084142	75.0205533704	115.6574959775	85.1286302953	2.767116736	5.4411764706	1.1764705882	1.9117647059	0.6793400694	1156	306	3	2
213	346	178.0939155115	809.6136988226	940.8004141968	830.5064568924	25.1612745666	5.275862069	1.3793103448	1.4827586207	0.7155771073	841	261	3	2
214	347	1164.4077079716	1264.7399819766	2500.8314019093	1152.9731667615	394.6631054247	17.7	9.96	2.04	0.6686942038	2500	1200	3	2
215	348	965.2204846981	870.2670772171	2217.3703191985	724.287569302	402.2330761425	56.9074074074	19.9444444444	2.4814814815	0.6319307985	2916	918	3	2
216	349	740.0352568693	726.1410223793	1493.2492980517	754.8075165112	261.7577142266	13.5	8.3	1.9	0.4390399006	100	60	3	2
217	351	1695.477514124	1311.078150209	3471.6736875696	1207.3877491569	650.2897263991	223.4642857143	63.3571428571	3.3571428571	0.5095372413	784	252	3	2
218	352	953.9741347079	757.4351457385	1926.3197071014	651.6827409067	341.5622682475	87.9831460674	27.2134831461	2.3707865169	0.6290689092	31684	9434	3	2
219	353	970.6692602026	798.9312163293	2405.6342294181	732.8472796401	433.6045521026	99.2177419355	28.8709677419	2.7580645161	0.5801226678	15376	4092	3	2
220	354	1007.8273656676	740.3580678098	1896.5936922621	579.6536294091	317.125488102	63.1307692308	21.2923076923	2.0153846154	0.7840866083	16900	4940	3	2
221	355	1263.8669044982	1025.7460204589	2518.0164377208	950.5468283755	362.7422876185	62.301369863	22.9315068493	2.2739726027	0.6780673544	5329	2190	3	2
222	356	1422.3095549527	1426.3940100536	3674.1653159808	1169.9753927537	554.6289406996	132.5285714286	39.2142857143	2.6285714286	0.6893511637	4900	1680	3	2
223	359	3357.1873349778	2398.7511992014	6338.0564112157	2241.7296234975	1340.4018666887	500.5	138	5	0.3923447876	4	4	3	2
224	360	1375.3412383137	1608.7321686383	2549.3545741272	1775.6905548807	398.539780035	8	4	1.5	0.3443877551	16	8	3	2
225	361	5208.1204097565	5275.6571273056	11963.8636127492	4967.8542376126	2529.3607140733	103	69	1	0.9806767839	1	1	3	2
226	363	0	70.2065419598	70.2065419598	70.2065419598	0	3	1	1	1	9	3	3	2
227	365	3043.2079484555	2242.8507278243	6192.2835810953	2031.8405548134	1160.8689104023	500.5	138.5	5	0.4548447876	4	4	3	2
228	367	1425.8191004196	1128.7218497098	3583.7138479971	909.6605381297	604.4206364069	127.8484848485	33.2575757576	4	0.3722502575	4356	1056	3	2
229	368	2352.7620937634	2073.0895319574	4277.8059160072	2017.4761949634	534.56774951	73	24.75	2.4375	0.4860006311	256	192	3	2
230	369	2043.5242046199	1746.4926752963	4547.049644425	1343.5633001237	770.6682381494	18.1052631579	11.3684210526	2.8421052632	0.6108744874	361	247	3	2
231	371	175.4501497662	121.6113113606	352.5508967906	28.0406750999	36.3192144112	9	3	3	0.5061728395	25	5	3	2
232	372	1363.8692866933	1067.6474958813	2811.1849477252	922.0550055494	545.6765815006	129.4	38.8416666667	2.7166666667	0.6463777071	14400	4800	3	2
233	373	658.624982206	639.0437319048	1442.1718836263	586.4350919874	247.2682705655	38.1803278689	13.2540983607	1.6803278689	0.8033728733	14884	4270	3	2
234	374	702.2039400061	786.3337457115	1762.0779702202	677.9127064496	285.3037517338	18.4942528736	10.1609195402	1.9195402299	0.6941786926	7569	2871	3	2
235	375	947.6101750975	906.3660693233	2049.5701928013	834.2149380161	282.5737637379	53.9565217391	16.902173913	2	0.718564718	8464	3588	3	2
236	376	1527.9328667914	1256.5091692437	4459.0532553848	1067.5416138836	785.0142311088	156.180952381	41.219047619	4.0285714286	0.4605013542	11025	2730	3	2
237	377	1177.2370941465	887.0581802526	3271.6238158647	576.7497500963	496.6561545504	27.3611111111	8.5277777778	2.6944444444	0.5133247077	1296	468	3	2
238	378	3486.8329199654	2649.1761016123	7312.8073504458	2416.8475127975	1380.503627138	436.75	138.125	4.875	0.6013107193	64	32	3	2
239	382	2963.0630980771	1724.4501935047	7001.7341251171	395.3022538428	882.026476496	71.6666666667	19.8666666667	1.6666666667	0.8831768359	225	75	3	2
240	383	417.2660562589	463.2012281476	869.0946334125	481.4371103422	104.2600047316	3.5652173913	1.1739130435	1.8260869565	0.5083031401	529	230	3	2
241	384	959.1346929149	957.9623623239	1982.7629589825	893.8047024602	362.0325154276	81.0740740741	23.9259259259	2.1851851852	0.6282942527	729	297	3	2
242	385	655.6249664722	1473.638325901	2277.2813079723	1359.7415156787	245.1591300834	58.9459459459	16.6486486486	1.7567567568	0.8149228538	1369	444	3	2
243	386	1196.6047841162	914.493654201	2509.9578739153	836.6168601924	477.3554979701	216.7142857143	59.2857142857	2.7142857143	0.7514810995	196	56	3	2
244	387	584.2401171879	754.7373037563	1744.4537497572	605.6200816491	284.1639403343	43.2692307692	12.2692307692	2.0384615385	0.708665875	676	260	3	2
245	388	3688.4618567765	3016.6901410676	7634.8886844861	3213.8224171819	1222.9488376895	422.0666666667	121.8666666667	5	0.4973233121	225	90	3	2
246	390	1349.602141407	1061.280767253	2639.0702852216	1075.4076557162	406.1867194032	126.1818181818	38.1818181818	2.6590909091	0.6387311123	1936	748	3	2
247	391	679.7600587973	659.0007229114	1863.4484914249	493.3184007856	335.6952504673	55.8815789474	13.7236842105	2.8026315789	0.5469042379	5776	1444	3	2
248	394	2836.1101300022	3972.8638776878	7324.9948094295	4033.6103288406	926.8313524489	177.4666666667	61.0666666667	3.9333333333	0.4490710482	225	165	3	2
249	395	1411.9536807564	1173.1631774065	3093.5030320949	1052.831349878	558.5116707275	164.1694915254	48.4237288136	2.9322033898	0.5760825815	3481	1298	3	2
250	396	824.2746923353	677.4013653136	1861.6811127477	580.6155850336	299.2506225727	62.2842105263	21.6842105263	2.1157894737	0.6985314229	9025	2850	3	2
251	397	676.8200698391	496.9097058988	1422.6374077413	371.8743976598	211.5891282402	40.5368421053	11.7052631579	2.0631578947	0.5960936564	9025	3040	3	2
252	398	987.8675705658	1029.1340008429	2787.778010475	889.0868486803	471.0538783383	47.6	14.46	2.16	0.6774919928	10000	4000	3	2
253	399	443.4593330705	630.293911922	1174.1345982203	583.2676370553	177.1623446442	32.2235294118	9.8705882353	2	0.6301687813	7225	2040	3	2
254	400	1132.2656738691	858.1401387981	2030.8997430874	678.8143441915	341.8863778089	42.3648648649	15.9324324324	1.8783783784	0.7714440138	5476	2368	3	2
255	401	653.4274810715	669.4784677777	1301.5824378021	575.4601211759	143.4942306592	31.8055555556	9.4444444444	1.7222222222	0.7101693268	1296	576	3	2
256	402	1982.0253475373	1530.9726193486	3614.4255447061	1330.370358618	635.5256461195	39.5	28.25	3.5	0.4334727045	16	12	3	2
257	406	1930.1170046299	2845.9042985881	5394.9181810396	2693.2595557245	758.5030653299	334.75	91.75	3.6666666667	0.5584381917	144	48	3	2
258	407	1479.9668177674	1121.4318376755	3013.6767876352	1028.5568777781	578.3393967619	205.380952381	60.2857142857	3.2380952381	0.5302330525	441	168	3	2
259	408	528.0672831119	1808.977617207	2120.8172170021	1897.1206847773	97.4761182452	3.6538461538	1.6153846154	1.4230769231	0.825151535	676	286	3	2
260	409	1157.8133454618	916.9633176907	2437.4261864978	732.3713090091	363.1601990625	74.5526315789	26.8684210526	1.9736842105	0.7210774949	1444	646	3	2
261	410	1426.2063901662	981.9492051606	2761.2298847415	808.1924992975	417.2815022392	134.64	40.08	2.64	0.5895732005	625	300	3	2
262	411	842.4673757928	578.8826031421	1989.9699020123	193.6502538275	313.412874868	23.868852459	6.737704918	2.1967213115	0.6880612761	3721	1159	3	2
263	412	1331.3331287736	2109.019742946	4008.2161414728	2176.9715383931	528.5776808182	20.4666666667	9.6	2.6333333333	0.6042938187	900	360	3	2
264	413	1666.2536001904	2344.6030707217	4144.7466011856	2329.1761350552	481.2823305235	92.984375	27.28125	3.28125	0.5644742077	4096	1344	3	2
265	414	1071.7282524271	1348.4278418934	2925.2386595385	1167.4409370412	345.355802971	73.7777777778	26.7333333333	2.3777777778	0.7577619644	2025	720	3	2
266	415	568.3033761322	528.9046226561	1234.9975382369	503.3984283156	225.1236840907	19.8139534884	10.9069767442	1.6511627907	0.6366732233	1849	817	3	2
267	416	1995.4802195951	1637.7063388631	4194.4604137387	1845.9139588324	639.6777522305	54.5714285714	24.4285714286	4.7142857143	0.3729186487	49	28	3	2
268	417	1700.0495728104	1259.7410640645	3867.0331463402	1114.8922547009	731.564749493	269.5	72.75	5	0.3751295501	16	12	3	2
269	419	1179.1336591959	1129.6628432195	2776.4351154454	923.356350421	440.8630176971	63.5454545455	20.3090909091	2.4181818182	0.6677303009	3025	1430	3	2
270	420	478.7066212749	412.6600526477	965.6191716574	360.2863153087	136.3010346979	13.0363636364	6.4727272727	1.6	0.8042707136	3025	1100	3	2
271	421	1508.4784573272	1123.7600673412	5178.6331483375	859.3424496826	863.835731515	65.6181818182	25.3727272727	3.2909090909	0.5445749618	12100	2860	3	2
272	422	1145.8960631959	1044.2470652797	3047.0058184637	740.5406612426	533.9738451081	54.1443298969	16.6804123711	2.2886597938	0.6408906047	9409	3395	3	2
273	423	591.6476683135	636.8473976668	1546.1924838993	551.448806048	256.4269105805	45.4095238095	13.1714285714	2.1904761905	0.7160949092	11025	3045	3	2
274	424	734.3689050191	643.8366263537	1526.4273819232	548.8221918916	195.1540881989	15.2178217822	7.3663366337	1.6633663366	0.8026036019	10201	3535	3	2
275	425	1277.1441647343	918.054043961	2465.4427815949	764.989006143	415.5039710586	83.5576923077	24.8269230769	2.0961538462	0.7547061946	2704	1144	3	2
276	426	1015.6942218273	980.3842994526	2343.1712214943	969.0998667179	427.9405904163	78.8888888889	22.2222222222	2.1481481481	0.6679371997	729	351	3	2
277	427	574.7783116205	536.7184128454	1083.1992726394	548.8860356904	142.7281819624	32.9111111111	10.3777777778	1.8	0.7317080703	2025	720	3	2
278	432	256.2073142971	348.0094889104	683.0248677176	344.4251591184	115.8855050057	31.5945945946	8.5405405405	1.5675675676	0.8755577384	1369	407	3	2
279	433	690.8158849673	913.2497281467	1837.8504258581	685.4498682422	218.3467347235	9	4.3	1.5	0.8821706963	400	140	3	2
280	434	1485.0985967116	1244.2317404326	2875.585773804	988.500129429	451.6295204901	95.9555555556	28.2444444444	2.1333333333	0.6670579365	2025	765	3	2
281	435	483.990868859	451.2576323914	912.1090119122	393.1772974632	80.6352093555	4.5	2.0357142857	1.5	0.7578924162	784	308	3	2
282	436	878.2403084065	613.4017092107	1723.4213122658	415.3954710002	225.8521500489	61.2769230769	17.4461538462	2.2615384615	0.735468987	4225	1235	3	2
283	437	495.2109416281	432.8468032303	1037.9498617903	335.2674670547	111.0096720801	6.5849056604	1.7547169811	1.6603773585	0.7068832555	2809	1007	3	2
284	438	1513.245948144	2292.0558859246	4121.4185730804	2158.6980064888	498.3099247456	85.4186046512	28.3255813953	2.3023255814	0.7448251023	1849	903	3	2
285	439	3117.2503493211	3467.2538079828	7112.8642292394	3058.7643334466	1046.55443107	94.92	43.2	3.36	0.5099540533	625	400	3	2
286	440	527.8522058153	909.8530870745	1453.8975982747	831.4577726389	34.1008398178	5.2549019608	1.6862745098	2	0.6946386371	2601	867	3	2
287	441	1757.0231128951	1932.7014204069	4406.6103985035	1899.1519557449	623.251759902	148.7307692308	43.4615384615	4.4615384615	0.4909472294	676	208	3	2
288	442	351.5648973695	2096.8543316653	2606.1058738782	2044.886827359	165.367982696	15.4	4.4	3	0.5404285861	225	60	3	2
289	443	0	10.2853124556	10.2853124556	10.2853124556	0	3	1	1	1	9	3	3	2
290	444	883.3919759105	676.9614857645	1827.7445574002	532.4165776166	298.5687045227	54.389380531	17.2566371681	2.2123893805	0.6727015177	12769	4294	3	2
291	445	1169.2789048113	1001.0377285805	2396.7731407046	883.1402824781	359.0363057586	85.8795180723	27.1325301205	2.156626506	0.7472260588	6889	2490	3	2
292	446	1171.3538751909	895.5021383189	2684.3937331984	686.7773214197	362.6065150298	85.2054794521	27.602739726	2.2602739726	0.6891399418	5329	1971	3	2
293	447	1519.7368403997	1286.8193291286	3107.6458876773	1036.784528207	531.440778346	22.7551020408	13.8775510204	2.0612244898	0.7205768096	2401	1029	3	2
294	448	683.273703995	814.5154318855	1608.2329653108	744.5330708571	190.066547408	12.6976744186	6.6279069767	1.9069767442	0.7160736672	7396	2838	3	2
295	449	1608.2062171571	1200.3326113406	2802.7999192283	1268.610244653	419.9829573014	45.2666666667	15.6166666667	2.0333333333	0.7444850107	3600	1560	3	2
296	450	830.427180713	697.8968625956	1698.3024586743	557.3945175495	280.2018611584	30.4893617021	10.2021276596	1.6914893617	0.7873269846	8836	3196	3	2
297	451	417.4756508977	395.8484409433	934.9446151755	322.5084555074	108.5847690949	21.7213114754	6.7049180328	1.5409836066	0.8014944108	3721	1403	3	2
298	452	1171.7295735453	1932.7245275581	3384.3454903427	1899.380317638	552.1237995938	5.5	2.625	1.875	0.7026012971	64	40	3	2
299	455	4275.159794004	4504.141038884	8063.7710638993	5098.292933091	1407.8886324325	50.3333333333	37.6666666667	3.3333333333	0.4668524948	9	6	3	2
300	457	2555.1422560608	2520.248884074	5295.4293021082	2673.3485317447	950.1347417291	188.8333333333	58.8888888889	3.1111111111	0.6501042974	324	162	3	2
301	458	2477.6774684387	1818.8070585284	4843.4737857999	1399.3176325025	799.6534612842	78.08	33.52	2.6	0.6454840626	625	375	3	2
302	459	512.4946875148	440.4074360445	1130.2495289989	408.1839650569	191.5721661816	58.6956521739	19.347826087	2.3913043478	0.5751325043	529	184	3	2
303	460	675.5837630603	595.9496562684	1293.0101505335	518.9083545065	230.9906245179	39.8571428571	11.7857142857	1.5357142857	0.8931489843	784	336	3	2
304	461	1318.563606645	1099.90439198	2655.6527939011	892.317924588	387.8063974851	36.4594594595	12.2702702703	2.3513513514	0.6013736977	1369	629	3	2
305	462	1104.9168715816	1569.2017610772	3300.0561517092	1416.7860580705	534.2561927162	53.3555555556	17	2.3777777778	0.6092595938	2025	720	3	2
306	463	1045.5510139426	851.5576932316	2255.6199199352	745.6805154791	469.5026707588	80.5882352941	28.8823529412	2.1176470588	0.7485348253	289	136	3	2
307	464	607.3367964987	921.0585718271	2081.541167384	721.7274938957	305.1697927934	6.9756097561	2.6829268293	1.6829268293	0.8145527123	1681	533	3	2
308	465	1780.0805079673	1410.8120270314	3793.383524442	1236.5820879128	693.4265573107	192.5689655172	56.6034482759	3.5344827586	0.5660980053	3364	1160	3	2
309	466	553.8900291107	411.1132590481	1846.7965875455	325.9438976427	325.4154355745	37	8	5	0.3528122717	9	3	3	2
310	467	1929.4955982532	975.7403922341	5733.6310655746	11.5459742194	0.3574019247	5.6428571429	1.6428571429	1.3571428571	0.7984126984	196	42	3	2
311	468	912.3489426212	912.3857382496	1867.6177315206	860.5633173804	258.4540897967	22.2033898305	7.0677966102	1.8644067797	0.7368531161	3481	1357	3	2
312	469	1018.0229829704	1224.936404602	2533.880977132	1133.4010031392	387.6051950896	90.9402985075	30.0298507463	2.328358209	0.7332039807	4489	1675	3	2
313	470	1528.378548143	1390.9903255159	3263.8121799738	1169.882623846	489.4790881499	64.1666666667	23.0952380952	2.2380952381	0.7193631377	1764	924	3	2
314	471	973.3781341406	913.1172259727	2029.9015355722	897.4197502927	353.5922392008	88.0816326531	25.7755102041	2.4897959184	0.5809287787	2401	931	3	2
315	472	951.0422184483	1011.1369250856	2169.008154468	944.6475292708	385.9942408607	27.3703703704	9.7777777778	2	0.7006976717	2916	1188	3	2
316	473	715.0178910566	622.4205659481	1557.7538757062	575.3247660626	246.4434001261	57.1568627451	19.0784313725	3.0392156863	0.5798393885	2601	765	3	2
317	474	1049.3962104074	922.6092219485	2426.3461211029	853.2318586627	424.480675979	115.2222222222	31.6666666667	2.1111111111	0.7965200561	81	45	3	2
318	475	470.6983646001	887.8280390661	1603.0935555373	835.3180605672	162.5168880262	9.2857142857	6	1.7857142857	0.7457345669	196	84	3	2
319	476	714.885191267	533.5956278816	895.5620969563	551.3415002386	139.132977373	3.2222222222	1.5555555556	1.6666666667	0.6997530864	81	36	3	2
320	479	5023.0297899124	3991.0717464926	10513.320934418	3531.0405108044	1899.2968295812	713.7142857143	196.1428571429	6.4285714286	0.3228933474	49	21	3	2
321	480	540.9569161444	322.8065212803	859.1787174107	57.0887256167	2.7747525622	3	1.1052631579	1.6315789474	0.6959064327	361	133	3	2
322	481	663.8757849786	530.912303286	1287.6719108158	400.4112119148	183.3668756414	33.3571428571	11.0238095238	1.4761904762	0.8064646193	1764	672	3	2
323	483	1395.9400142768	1221.1303302229	2529.0266100629	1200.3933079546	186.8982956437	15.7826086957	8.347826087	1.7826086957	0.7012700179	529	207	3	2
324	484	2641.3941896062	2594.6822017494	5280.9082648088	3417.5760560356	968.1640107325	147.9047619048	41.1428571429	2.4761904762	0.7549622674	441	168	3	2
325	486	692.3596034025	749.6862982188	1882.8706792862	634.7229358571	382.7625218044	9.2222222222	4.7407407407	1.6296296296	0.7963095887	729	270	3	2
326	487	1048.4521790582	903.8686428073	2079.5692677272	896.352226474	266.058341922	9.2647058824	4.9117647059	1.5	0.7620280971	1156	476	3	2
327	488	3131.4761492293	2637.46879546	5561.8683307492	2080.5532279541	1014.0003103456	123.8	41.2333333333	2.9333333333	0.5614549522	900	390	3	2
328	489	966.5201288467	966.8535476791	1825.2078213085	846.8869241804	307.8449896319	9.2777777778	3.3333333333	1.8333333333	0.7172651219	324	126	3	2
329	490	1642.5421070864	1361.9468799403	3438.9728106811	1184.0839437043	551.549655505	101.5151515152	31.9393939394	2.9393939394	0.5319286223	1089	429	3	2
330	491	278.8959880303	290.2142377169	687.9174878865	220.5609192978	102.6797551049	21.5161290323	6.4193548387	1.5161290323	0.8529622428	3844	1240	3	2
331	492	1232.0030795082	1047.8129829012	2043.4283549608	963.9860978027	331.3763716082	53.6666666667	18.1764705882	1.8431372549	0.767001711	2601	1020	3	2
332	493	602.5093125115	432.1229357877	1434.1414264159	296.911541312	236.6840155517	28.8235294118	11.1411764706	2.1176470588	0.723345216	7225	1955	3	2
333	494	755.1383301867	723.5754840093	1839.4784948674	630.2609028518	252.8039322952	12.7777777778	8.6666666667	1.7777777778	0.6208648819	81	36	3	2
334	495	519.5628482972	439.9228560267	1140.4967236945	305.5277407882	190.9643955572	42.5762711864	13	1.7288135593	0.7964573054	3481	1121	3	2
335	496	1997.8486557987	1592.6850791908	4065.139551466	1407.1522653508	757.2274089343	150.18	51.94	2.98	0.6694551062	2500	850	3	2
336	497	1168.0832820008	997.3906005605	2211.7271564782	918.8319109412	413.564134859	21.5454545455	12.1818181818	2.0454545455	0.5798046124	484	220	3	2
337	499	0	23.2189706375	23.2189706375	23.2189706375	0	3	1	1	1	9	3	3	2
338	500	772.3666366254	417.1368404401	1392.470693479	34.5815082582	1.8300168107	4.7941176471	1.1470588235	2	0.7250816993	1156	340	3	2
339	501	1752.6358751762	1096.5681287431	6442.0124808738	227.0515469972	118.154691324	5.1176470588	1.6470588235	2.2352941176	0.6537990196	289	102	3	2
340	502	2146.2984687805	1595.576714936	4398.0327472399	1446.803907065	891.1366589977	246.2	81.6	3.2	0.517049716	25	15	3	2
341	503	1662.5555795966	1308.0083526775	3511.4462560562	1107.6571147085	598.5374812176	209.0625	62.1875	3.5	0.519561394	256	96	3	2
342	506	1069.2283486183	762.8312540706	2057.8628025494	253.9249378307	332.0298315575	8.0714285714	3.1785714286	2.1071428571	0.6148307989	784	252	3	2
343	507	2335.3092548521	2544.1571283081	4263.2509920839	2567.8452555729	636.5800189812	13.3953488372	7.9069767442	1.9069767442	0.7510172193	1849	731	3	2
344	508	715.0478473867	586.285212986	1604.5356046937	474.2245310177	269.724806561	56.3181818182	17	2.8181818182	0.4754354107	484	176	3	2
345	509	1542.8022156725	1124.2142059082	3163.3419200475	775.8029358612	505.145196765	53.1818181818	16.4318181818	1.9772727273	0.7038721799	1936	660	3	2
346	510	1171.8882862007	877.4350908286	2695.7659808563	512.7630188652	225.6164461129	33.511627907	11.5813953488	1.8372093023	0.7871781624	1849	602	3	2
347	511	820.7669338231	1227.2948030263	2319.1580659505	1109.4431986056	298.6998432404	70.6346153846	22.8269230769	2	0.751934096	2704	936	3	2
348	512	1052.3329537419	945.2875801032	2227.2840595511	895.167658647	367.6502504263	117.4736842105	34.1052631579	2.6052631579	0.6308539682	1444	456	3	2
349	513	1929.8358927686	1518.135772817	4160.0141290085	1392.912500741	726.7811219314	213.5	71.3333333333	4.1666666667	0.289859785	36	24	3	2
350	514	0	31.7157395228	31.7157395228	31.7157395228	0	5	1	2	0.68	25	5	3	2
351	518	202.0522341793	150.078226424	322.2781585665	63.9782603528	0.0002492972	3	2	1	1	4	2	3	2
352	519	1267.6309256103	670.9952810896	1275.335804673	676.3915165055	343.969686454	3	1.5	1.1666666667	0.7777777778	36	24	3	2
353	520	1368.0536344947	1088.1685170095	2884.8795177734	990.8608506407	562.2834549008	174.9	55.1	2.55	0.822191155	400	160	3	2
354	521	326.808998492	324.4959824933	829.2728501941	284.6067836419	110.917996479	5.5	2.35	1.7	0.7677721088	400	120	3	2
355	522	203.2201290885	121.6991382514	396.1706118296	30.2086470587	0.0003922911	4	2	2	0.625	1	1	3	2
356	525	921.1189440861	764.6436910925	2580.2737220638	488.4509935068	557.6919592947	38.9743589744	10.8717948718	2.8205128205	0.6521813133	1521	390	3	2
357	526	1253.9582634374	1798.0328499564	3308.8650794744	1605.4912476697	476.492272701	85.1428571429	28.7142857143	2.8214285714	0.5661287582	784	308	3	2
358	527	1367.4693439118	1005.390347942	2870.3399790169	660.0859826494	452.439230666	26.1219512195	13.1219512195	2.0731707317	0.7340591571	1681	615	3	2
359	528	1669.409650336	1253.4004648598	3051.4308040425	1085.8033014119	451.2200283022	63.641025641	20.8717948718	1.9743589744	0.7925703419	1521	663	3	2
360	529	1816.9487708801	1578.4659333046	3628.8957646413	1680.7292260729	558.8740981606	144.76	46.12	2.4	0.8201586756	625	250	3	2
361	532	765.5073325172	585.4771190269	1099.7048289934	911.6094960751	257.5417825158	4.25	1.375	1.25	0.9382716049	64	24	3	2
362	533	633.0300691531	338.2063079821	1366.5913347251	25.899148335	97.1319042679	8.7692307692	2	2.6153846154	0.4729020979	169	39	3	2
363	535	1500.6520805317	1253.4969209053	3050.8206493949	1185.9698631541	540.8015073504	38.625	24	2.5625	0.606607687	256	96	3	2
364	536	1638.0044713158	1100.7377599158	3030.476268838	785.0437760208	0.098615607	3.7777777778	1.5555555556	1.3333333333	0.875	81	27	3	2
365	537	1962.0178312301	1447.3870277144	4415.13561501	833.9073835397	602.0269276516	19.2888888889	11.2444444444	2.6444444444	0.6754814324	2025	810	3	2
366	538	2508.3660921555	2548.3141712051	7665.374881874	1917.8580110502	1282.6253309782	107.6338028169	34.5070422535	3.7746478873	0.5648450269	5041	1846	3	2
367	539	949.9438595891	708.4734732053	1915.9606764761	595.2417508565	334.6294030115	118.8888888889	35.1851851852	2.1481481481	0.7756343041	729	270	3	2
368	540	101.8803200065	77.7151582561	114.6438006895	77.7151582561	6.851227498714252e-05	3.1	1.1	1.4	0.7791666667	100	40	3	2
369	542	417.5963961327	362.5055420104	810.2898558321	374.9242586233	99.8330809337	44.7083333333	12.5833333333	1.7916666667	0.6924176212	576	240	3	2
370	543	1420.5779838318	962.3977479205	2661.8173670472	643.5692682552	456.9376432838	156	43.3076923077	2.5384615385	0.6848240372	169	91	3	2
371	544	1845.1961878498	1657.4877719499	3539.0844843418	1194.1502802714	482.8294783537	46.406779661	15.0508474576	1.9491525424	0.7562735683	3481	1416	3	2
372	545	2117.6832559685	1444.5913718716	3570.1766323444	1093.3026274321	596.323625043	24.15	14.8	2.1	0.6859804976	400	240	3	2
373	546	1255.2821485218	1029.6360179483	2638.8974889636	828.2991320192	326.2772481393	49.3409090909	21.1136363636	1.9090909091	0.8479148886	1936	792	3	2
374	547	1899.1949114308	1356.0267003661	2998.8215705367	1112.6237411501	291.453091796	74.4285714286	21	1.6428571429	0.7366048109	196	112	3	2
375	551	2221.1791197591	2606.0587717314	4714.2479580546	2477.8715179571	637.6224746575	114.8181818182	38.6363636364	2.7272727273	0.5636337093	121	66	3	2
376	552	2942.5771394335	2062.0225671733	5243.7684909182	1614.2679887135	845.9146268879	149.2857142857	44.2857142857	3	0.499102254	49	42	3	2
377	553	2232.6766221289	1518.9617007549	4193.9458419038	1160.780736936	563.3094511139	124	34.4	2.68	0.5720071935	625	250	3	2
378	554	40.7663304623	63.8836370351	100.108440831	70.0952006669	2.7402587642	4.5	1.5	1.8181818182	0.7592929293	484	154	3	2
379	555	3765.5418920082	2908.9639212515	7980.2193243407	2538.8770504178	1404.9648955996	285	107.2	5.2	0.4612765722	25	25	3	2
380	556	2243.7059955595	1738.3172347522	4137.7400775261	1657.5561150395	495.049448349	224.1111111111	61.6666666667	2.7777777778	0.6342520044	81	36	3	2
381	557	491.5258303452	335.6331720798	854.4610848788	202.3879109897	84.0142623803	8.8571428571	4.8571428571	1.5357142857	0.8236998583	784	280	3	2
382	558	1820.8981378402	1838.3485216793	3936.9008171111	1779.182832061	711.7895436437	185.6470588235	53.5882352941	2.7647058824	0.6844621542	289	136	3	2
383	559	1054.2545771507	1015.7365789327	2807.190093927	689.5433510636	488.0042459646	7.4	2	2.25	0.6986219618	400	120	3	2
384	560	531.2110995474	514.4058609429	1179.8882528556	481.2381896968	224.0080990969	26.4	14.6	1.6	0.9001947894	100	40	3	2
385	561	0	52.147940566	52.147940566	52.147940566	0	4	1	1.5	0.8125	64	16	3	2
386	562	1162.2230232627	3595.0492528812	5190.4948426432	3492.0785817046	427.9931298725	74.9047619048	29.3333333333	2.6666666667	0.6224074137	441	168	3	2
387	563	1096.9175555531	711.4741210234	2303.5713364956	366.3396468503	194.6892635421	44.32	13.04	1.72	0.7906356401	625	225	3	2
388	566	0	29.1721354385	29.1721354385	29.1721354385	0	3	1	1	1	9	3	3	2
